date,token_id,price,trading_volume,trend,post_counts
2024-01-01,shiba-inu,1.03310617993975e-05,84700017.37,3,0
2024-01-01,pepe,1.28629405261505e-06,41022505.11,94,0
2024-01-01,bonk,1.33382938733698e-05,90314947.87,10,0
2024-01-01,floki,3.48990169584996e-05,12849626.84,4,0
2024-01-01,mog-coin,4.0117705411126e-08,744240.8037,13,0
2024-01-02,shiba-inu,1.06920965327145e-05,98194114.11,5,0
2024-01-02,pepe,1.40433715870217e-06,46400630.8,84,0
2024-01-02,bonk,1.48243920222378e-05,105564755.8,16,0
2024-01-02,floki,3.66564321658094e-05,14064668.16,4,0
2024-01-02,mog-coin,4.70952711724247e-08,1010326.708,10,0
2024-01-03,shiba-inu,1.0570334111471e-05,173419319.8,4,1
2024-01-03,pepe,1.34143667655425e-06,66702108.41,81,1
2024-01-03,bonk,1.3506670086666e-05,127145495.1,13,1
2024-01-03,floki,3.55428663086402e-05,16897425.46,3,1
2024-01-03,mog-coin,4.26503018661985e-08,979147.9602,11,1
2024-01-04,shiba-inu,9.54518201236347e-06,396481434.0,4,0
2024-01-04,pepe,1.19044134174867e-06,174908908.2,80,0
2024-01-04,bonk,1.15903229260366e-05,130268872.8,10,0
2024-01-04,floki,3.1335679466834e-05,29822510.04,3,0
2024-01-04,mog-coin,3.61693886490594e-08,738923.481,11,0
2024-01-05,shiba-inu,1.00050040566534e-05,181001276.2,3,0
2024-01-05,pepe,1.25868336579728e-06,86784053.19,83,0
2024-01-05,bonk,1.195770087466e-05,101952272.0,10,0
2024-01-05,floki,3.25133552160901e-05,16801629.27,4,0
2024-01-05,mog-coin,4.19278464535664e-08,698030.0362,12,0
2024-01-06,shiba-inu,9.8187119124104e-06,199465372.8,4,0
2024-01-06,pepe,1.19869457329553e-06,66309861.76,97,0
2024-01-06,bonk,1.10897207541565e-05,77255146.74,10,0
2024-01-06,floki,3.16806327778938e-05,14904047.04,4,0
2024-01-06,mog-coin,3.80491625315742e-08,743733.97,14,0
2024-01-07,shiba-inu,9.59344299640803e-06,127081490.5,4,0
2024-01-07,pepe,1.15929100969134e-06,53051557.92,96,0
2024-01-07,bonk,1.07653024493057e-05,78375095.22,8,0
2024-01-07,floki,3.11350638316415e-05,17054958.11,4,0
2024-01-07,mog-coin,3.77749824402797e-08,561237.8477,15,0
2024-01-08,shiba-inu,8.97199016752165e-06,141717902.4,4,0
2024-01-08,pepe,1.10828348608094e-06,59725801.12,75,0
2024-01-08,bonk,1.03076059700926e-05,87610800.48,10,0
2024-01-08,floki,2.91874730439961e-05,10952814.5,3,0
2024-01-08,mog-coin,4.0210066175794e-08,245357.6873,12,0
2024-01-09,shiba-inu,9.57905125485538e-06,230823226.9,4,0
2024-01-09,pepe,1.19374546365743e-06,93693655.24,75,0
2024-01-09,bonk,1.21511724706356e-05,217350969.4,14,0
2024-01-09,floki,3.04780147074386e-05,22104405.96,3,0
2024-01-09,mog-coin,3.94748648180164e-08,756023.4941,13,0
2024-01-10,shiba-inu,9.62374348705542e-06,349250560.4,4,1
2024-01-10,pepe,1.1937372975098e-06,84772587.49,77,1
2024-01-10,bonk,1.40101700296043e-05,447617253.7,15,1
2024-01-10,floki,2.90448557238359e-05,17024373.36,3,1
2024-01-10,mog-coin,4.14245416048523e-08,774151.2148,12,1
2024-01-11,shiba-inu,9.98904040015957e-06,249158048.7,5,0
2024-01-11,pepe,1.32476511388065e-06,211868706.6,94,0
2024-01-11,bonk,1.61356793331368e-05,603470094.6,13,0
2024-01-11,floki,3.16834415046061e-05,20888543.83,3,0
2024-01-11,mog-coin,5.67967447011814e-08,2150718.105,11,0
2024-01-12,shiba-inu,1.01362024572943e-05,297971112.9,4,0
2024-01-12,pepe,1.36746372759353e-06,223727383.0,96,0
2024-01-12,bonk,1.60983729341746e-05,378515109.7,10,0
2024-01-12,floki,3.23742653730073e-05,22492798.4,4,0
2024-01-12,mog-coin,5.64043341442418e-08,1387195.002,13,0
2024-01-13,shiba-inu,9.62770661709975e-06,203113243.2,4,1
2024-01-13,pepe,1.23902945992549e-06,147734887.1,100,1
2024-01-13,bonk,1.37727867925548e-05,223908891.7,9,1
2024-01-13,floki,3.03798181101361e-05,19511804.12,3,1
2024-01-13,mog-coin,4.59634623588843e-08,797400.3388,12,1
2024-01-14,shiba-inu,9.89890820116433e-06,127225576.3,4,1
2024-01-14,pepe,1.25074728158884e-06,68000106.84,91,1
2024-01-14,bonk,1.53927362859929e-05,216595724.8,9,1
2024-01-14,floki,3.09845047607626e-05,10056294.84,4,1
2024-01-14,mog-coin,4.68229402677512e-08,713791.5139,11,1
2024-01-15,shiba-inu,9.6024184384087e-06,115792755.2,3,1
2024-01-15,pepe,1.19854704461482e-06,54234205.25,72,1
2024-01-15,bonk,1.43214056445691e-05,165607928.2,7,1
2024-01-15,floki,3.00573002988992e-05,12761853.84,3,1
2024-01-15,mog-coin,4.11483862701219e-08,683640.7497,10,1
2024-01-16,shiba-inu,9.56666673071062e-06,103168497.5,4,0
2024-01-16,pepe,1.20598026026182e-06,40934532.8,69,0
2024-01-16,bonk,1.37249996443274e-05,126696343.0,8,0
2024-01-16,floki,3.07858185676856e-05,9382285.679,3,0
2024-01-16,mog-coin,3.90577759507983e-08,890643.5802,12,0
2024-01-17,shiba-inu,9.66205358533699e-06,101825216.5,3,0
2024-01-17,pepe,1.23987869807488e-06,1791322960.0,75,0
2024-01-17,bonk,1.40738508762065e-05,107918015.8,8,0
2024-01-17,floki,3.1464490760334e-05,12646625.11,3,0
2024-01-17,mog-coin,4.50233456968158e-08,819830.4572,13,0
2024-01-18,shiba-inu,9.513483881061e-06,109416940.0,3,0
2024-01-18,pepe,1.20772437785819e-06,58544568.27,75,0
2024-01-18,bonk,1.33794810000199e-05,98613237.07,8,0
2024-01-18,floki,3.06509650488692e-05,8995278.615,3,0
2024-01-18,mog-coin,4.13933490590548e-08,751250.4976,12,0
2024-01-19,shiba-inu,9.19637910873543e-06,130966046.8,3,1
2024-01-19,pepe,1.14131336944269e-06,58066791.87,87,1
2024-01-19,bonk,1.2051664623913e-05,95125324.45,8,1
2024-01-19,floki,2.92121673769776e-05,9798310.388,3,1
2024-01-19,mog-coin,3.89937827617794e-08,817663.0305,12,1
2024-01-20,shiba-inu,9.28461517481837e-06,151690144.4,3,1
2024-01-20,pepe,1.13899465915466e-06,275491980.9,92,1
2024-01-20,bonk,1.19527636982768e-05,68195089.97,7,1
2024-01-20,floki,2.91561575337923e-05,11605618.08,3,1
2024-01-20,mog-coin,3.7721687133041e-08,643858.8997,13,1
2024-01-21,shiba-inu,9.67521278055269e-06,135742644.4,3,0
2024-01-21,pepe,1.16565168029733e-06,41321940.19,88,0
2024-01-21,bonk,1.16629431048538e-05,43219512.59,8,0
2024-01-21,floki,3.37475565176904e-05,52364021.16,4,0
2024-01-21,mog-coin,3.78258896368002e-08,599535.1434,13,0
2024-01-22,shiba-inu,9.33855487024103e-06,113387848.0,3,0
2024-01-22,pepe,1.12471033279615e-06,31516789.87,79,0
2024-01-22,bonk,1.13933817786598e-05,37062809.55,7,0
2024-01-22,floki,3.11937705451108e-05,39185668.98,3,0
2024-01-22,mog-coin,4.37422627181202e-08,1201761.287,12,0
2024-01-23,shiba-inu,8.90335257393963e-06,156889729.9,3,0
2024-01-23,pepe,1.05427876008533e-06,53038362.24,72,0
2024-01-23,bonk,1.03870712122168e-05,65781527.07,7,0
2024-01-23,floki,2.88130569908181e-05,15967146.8,3,0
2024-01-23,mog-coin,4.23904231560161e-08,828271.1327,11,0
2024-01-24,shiba-inu,8.82401160748523e-06,138764475.6,3,2
2024-01-24,pepe,1.03825419235369e-06,69690086.34,74,2
2024-01-24,bonk,1.08051545984212e-05,77373242.33,7,2
2024-01-24,floki,2.84989413800009e-05,15071477.46,3,2
2024-01-24,mog-coin,4.2994581932263e-08,802260.3225,11,2
2024-01-25,shiba-inu,8.90115247321265e-06,105591450.7,3,0
2024-01-25,pepe,1.04087153332278e-06,53441101.01,71,0
2024-01-25,bonk,1.10806503959729e-05,76069664.61,7,0
2024-01-25,floki,2.88277270103814e-05,10537492.69,3,0
2024-01-25,mog-coin,5.79404387571339e-08,1677233.585,12,0
2024-01-26,shiba-inu,8.85806651120787e-06,84381126.69,3,0
2024-01-26,pepe,1.026306375185e-06,38426552.68,83,0
2024-01-26,bonk,1.12659795565928e-05,68946980.35,8,0
2024-01-26,floki,2.83378660588895e-05,9178544.362,3,0
2024-01-26,mog-coin,6.41669247228331e-08,1483822.509,12,0
2024-01-27,shiba-inu,9.02954827794972e-06,92762180.28,3,1
2024-01-27,pepe,1.08609718680808e-06,35629516.69,92,1
2024-01-27,bonk,1.18345575572496e-05,92521677.96,7,1
2024-01-27,floki,2.91004438799411e-05,11945950.23,3,1
2024-01-27,mog-coin,5.80464002457659e-08,1422782.814,12,1
2024-01-28,shiba-inu,9.13116841100317e-06,72023778.54,3,0
2024-01-28,pepe,1.09647711791794e-06,30328514.19,86,0
2024-01-28,bonk,1.16636297156301e-05,45472338.95,7,0
2024-01-28,floki,2.91563268990781e-05,7750228.442,3,0
2024-01-28,mog-coin,6.04770086381955e-08,737475.9144,13,0
2024-01-29,shiba-inu,9.00558654128056e-06,95018456.94,3,0
2024-01-29,pepe,1.06549650405371e-06,49367315.66,82,0
2024-01-29,bonk,1.16084550173906e-05,84761761.71,6,0
2024-01-29,floki,2.85194169650849e-05,9113090.277,3,0
2024-01-29,mog-coin,5.55861125113064e-08,651119.6239,11,0
2024-01-30,shiba-inu,9.19967470020024e-06,126898447.3,3,0
2024-01-30,pepe,1.06280089906482e-06,59803022.96,75,0
2024-01-30,bonk,1.2006331989425e-05,64198124.92,7,0
2024-01-30,floki,2.92103226608011e-05,9422810.019,3,0
2024-01-30,mog-coin,5.44716084685731e-08,627859.028,11,0
2024-01-31,shiba-inu,9.05027015804618e-06,131693790.2,3,0
2024-01-31,pepe,1.01342429605392e-06,73828064.68,73,0
2024-01-31,bonk,1.12732892036496e-05,61326687.29,6,0
2024-01-31,floki,2.85967044601769e-05,9670428.71,3,0
2024-01-31,mog-coin,4.95785025276589e-08,987249.0764,11,0
2024-02-01,shiba-inu,8.93898366338457e-06,123629511.5,2,1
2024-02-01,pepe,9.13600354980192e-07,108740462.4,62,1
2024-02-01,bonk,1.06523158833836e-05,67748216.99,6,1
2024-02-01,floki,2.75840021244708e-05,10489662.56,2,1
2024-02-01,mog-coin,4.58365185444488e-08,1157357.971,10,1
2024-02-02,shiba-inu,9.02336636102129e-06,106780578.2,3,0
2024-02-02,pepe,9.15645088026247e-07,51162932.2,87,0
2024-02-02,bonk,1.07224885662586e-05,44355396.58,5,0
2024-02-02,floki,2.81495267774081e-05,7337878.761,3,0
2024-02-02,mog-coin,4.49593024507041e-08,912095.2205,10,0
2024-02-03,shiba-inu,9.05869461129889e-06,80556310.06,3,2
2024-02-03,pepe,9.27537509718984e-07,37844714.9,80,2
2024-02-03,bonk,1.05357874623208e-05,38669699.11,4,2
2024-02-03,floki,2.80240343787447e-05,6772297.238,3,2
2024-02-03,mog-coin,5.19274358393283e-08,1234835.185,10,2
2024-02-04,shiba-inu,9.10402822090929e-06,61156838.39,2,0
2024-02-04,pepe,9.25306357244868e-07,23784973.85,75,0
2024-02-04,bonk,1.03531714155658e-05,23161509.69,5,0
2024-02-04,floki,2.80506980979438e-05,6075190.054,3,0
2024-02-04,mog-coin,5.05906213643507e-08,698408.1628,13,0
2024-02-05,shiba-inu,8.89641386536769e-06,74882378.34,2,0
2024-02-05,pepe,8.88919022321623e-07,39881022.83,62,0
2024-02-05,bonk,1.00777632978761e-05,29856359.28,6,0
2024-02-05,floki,2.72848809539901e-05,7279337.703,3,0
2024-02-05,mog-coin,4.86832796415899e-08,540618.933,10,0
2024-02-06,shiba-inu,8.88358790254497e-06,84154475.64,2,0
2024-02-06,pepe,8.96482576548368e-07,83473420.11,57,0
2024-02-06,bonk,1.01458770324943e-05,49070213.7,5,0
2024-02-06,floki,2.73940803050031e-05,10835343.89,2,0
2024-02-06,mog-coin,5.106657230481e-08,723215.8116,11,0
2024-02-07,shiba-inu,8.85947745821777e-06,76994668.93,2,0
2024-02-07,pepe,9.02775836526312e-07,61646850.38,66,0
2024-02-07,bonk,9.94662969983587e-06,35105373.45,5,0
2024-02-07,floki,2.80207880335846e-05,9685191.53,2,0
2024-02-07,mog-coin,6.17960890936101e-08,1460296.437,10,0
2024-02-08,shiba-inu,9.0529704051923e-06,100505848.3,3,0
2024-02-08,pepe,9.63156248982785e-07,79428765.32,64,0
2024-02-08,bonk,1.03908745858813e-05,42258475.03,6,0
2024-02-08,floki,2.85307334846416e-05,10378578.82,2,0
2024-02-08,mog-coin,5.68297201020276e-08,856462.1291,9,0
2024-02-09,shiba-inu,9.20138488657431e-06,167665623.4,2,1
2024-02-09,pepe,9.57551321960436e-07,82643539.38,76,1
2024-02-09,bonk,1.03859680769108e-05,41158318.48,8,1
2024-02-09,floki,2.87486364938277e-05,13590135.31,3,1
2024-02-09,mog-coin,5.94850693194935e-08,876473.6118,10,1
2024-02-10,shiba-inu,9.39576133645589e-06,130625917.0,3,0
2024-02-10,pepe,1.01614973479181e-06,90619622.81,81,0
2024-02-10,bonk,1.21971348506461e-05,188938506.2,9,0
2024-02-10,floki,3.11930039108243e-05,45999359.01,4,0
2024-02-10,mog-coin,5.18671734961499e-08,475398.7835,11,0
2024-02-11,shiba-inu,9.41423351998902e-06,106454986.0,3,1
2024-02-11,pepe,1.01457522244408e-06,62680634.09,88,1
2024-02-11,bonk,1.33219844089983e-05,179363094.3,6,1
2024-02-11,floki,3.08685827972582e-05,14582130.24,3,1
2024-02-11,mog-coin,5.75057577902365e-08,658568.3332,11,1
2024-02-12,shiba-inu,9.38859366137795e-06,122139208.4,3,0
2024-02-12,pepe,1.00317826759895e-06,54574054.54,63,0
2024-02-12,bonk,1.23134726383861e-05,118303161.8,6,0
2024-02-12,floki,3.08009970327059e-05,13216769.3,3,0
2024-02-12,mog-coin,7.18229009466194e-08,3246341.992,10,0
2024-02-13,shiba-inu,9.61650888419326e-06,157192671.8,3,1
2024-02-13,pepe,1.07624544109416e-06,80584895.59,69,1
2024-02-13,bonk,1.32406727677482e-05,117383518.9,6,1
2024-02-13,floki,3.20312800842945e-05,15837657.46,3,1
2024-02-13,mog-coin,8.71609617408182e-08,1989471.982,10,1
2024-02-14,shiba-inu,9.47475449788016e-06,174659977.9,4,5
2024-02-14,pepe,1.08398527626814e-06,119489413.5,75,5
2024-02-14,bonk,1.25608591592578e-05,80535807.56,7,5
2024-02-14,floki,3.22136759093938e-05,17971056.53,3,5
2024-02-14,mog-coin,1.53836123133472e-07,10383505.28,10,5
2024-02-15,shiba-inu,9.73844677399826e-06,187404417.2,4,0
2024-02-15,pepe,1.24121262749899e-06,185096373.8,66,0
2024-02-15,bonk,1.42032669394828e-05,128727262.1,8,0
2024-02-15,floki,3.34851780918611e-05,21739894.2,3,0
2024-02-15,mog-coin,2.02942586126849e-07,4633251.044,10,0
2024-02-16,shiba-inu,9.87722391468889e-06,255636514.4,3,1
2024-02-16,pepe,1.24299569585337e-06,170956874.4,71,1
2024-02-16,bonk,1.39058140881244e-05,122885159.5,6,1
2024-02-16,floki,3.38688231532257e-05,20135469.44,3,1
2024-02-16,mog-coin,1.44612559999251e-07,3682034.592,9,1
2024-02-17,shiba-inu,9.88854032097143e-06,195054365.8,3,1
2024-02-17,pepe,1.16625906546225e-06,124650321.0,82,1
2024-02-17,bonk,1.32985713578285e-05,70211852.6,6,1
2024-02-17,floki,3.37128363600394e-05,18255486.26,3,1
2024-02-17,mog-coin,1.31464521294792e-07,2892602.982,10,1
2024-02-18,shiba-inu,9.63487813390868e-06,151568440.5,3,0
2024-02-18,pepe,1.18668751380427e-06,95428374.59,80,0
2024-02-18,bonk,1.28282102694065e-05,53277129.54,6,0
2024-02-18,floki,3.33432235480552e-05,12330126.48,3,0
2024-02-18,mog-coin,1.62882194474622e-07,2927881.798,11,0
2024-02-19,shiba-inu,9.73341137914889e-06,154410885.3,3,0
2024-02-19,pepe,1.22345185931841e-06,85905033.59,63,0
2024-02-19,bonk,1.30513691497328e-05,48337663.02,6,0
2024-02-19,floki,3.39205947974328e-05,12087712.96,3,0
2024-02-19,mog-coin,2.21181647254143e-07,4171672.329,10,0
2024-02-20,shiba-inu,9.87934053811162e-06,202249695.0,3,1
2024-02-20,pepe,1.23235056743884e-06,98245523.73,60,1
2024-02-20,bonk,1.29853593951955e-05,62421508.86,6,1
2024-02-20,floki,3.5267744766232e-05,22104779.17,3,1
2024-02-20,mog-coin,2.40074382491899e-07,4961294.598,9,1
2024-02-21,shiba-inu,9.76865746711533e-06,316023216.6,3,2
2024-02-21,pepe,1.19387202860011e-06,126504886.6,96,2
2024-02-21,bonk,1.23772241811725e-05,75158589.65,6,2
2024-02-21,floki,3.45064590085283e-05,26534928.82,3,2
2024-02-21,mog-coin,2.50172247185385e-07,3995344.298,10,2
2024-02-22,shiba-inu,9.54968991948277e-06,219025474.4,3,0
2024-02-22,pepe,1.15064113194594e-06,94912415.7,82,0
2024-02-22,bonk,1.17896156822609e-05,64245077.01,6,0
2024-02-22,floki,3.32642256313402e-05,17737647.63,3,0
2024-02-22,mog-coin,2.2473674971087e-07,3169305.379,10,0
2024-02-23,shiba-inu,9.54777989468315e-06,179197372.6,3,0
2024-02-23,pepe,1.22041661775742e-06,123186097.5,86,0
2024-02-23,bonk,1.17011959383889e-05,56982862.48,6,0
2024-02-23,floki,3.36876044881829e-05,16482021.45,3,0
2024-02-23,mog-coin,1.88161146879352e-07,2509525.456,10,0
2024-02-24,shiba-inu,9.51954195748817e-06,180682109.0,3,1
2024-02-24,pepe,1.20064989589034e-06,231023496.5,88,1
2024-02-24,bonk,1.13344125574804e-05,53121545.18,5,1
2024-02-24,floki,3.43248397105142e-05,31048195.0,3,1
2024-02-24,mog-coin,1.76797313423141e-07,2783252.312,12,1
2024-02-25,shiba-inu,9.63352933428911e-06,141856262.4,3,0
2024-02-25,pepe,1.3093025987083e-06,132942424.3,81,0
2024-02-25,bonk,1.17039905313195e-05,43782459.24,5,0
2024-02-25,floki,3.53985912744035e-05,17073629.44,3,0
2024-02-25,mog-coin,1.65440510471705e-07,2670194.37,10,0
2024-02-26,shiba-inu,9.66950559281429e-06,127850721.4,4,0
2024-02-26,pepe,1.37853573272376e-06,158617011.0,75,0
2024-02-26,bonk,1.19611533209847e-05,48736983.62,6,0
2024-02-26,floki,3.67468495238116e-05,21779567.77,4,0
2024-02-26,mog-coin,1.76729314684694e-07,2391550.548,10,0
2024-02-27,shiba-inu,1.00966680987724e-05,328799062.7,6,1
2024-02-27,pepe,1.80185649134493e-06,480646142.3,95,1
2024-02-27,bonk,1.34180091966005e-05,127704218.5,8,1
2024-02-27,floki,4.31989351746033e-05,83342796.88,6,1
2024-02-27,mog-coin,1.92617371163891e-07,1971643.863,9,1
2024-02-28,shiba-inu,1.09382469768267e-05,1004542387.0,7,3
2024-02-28,pepe,2.64171395395236e-06,1465812556.0,100,3
2024-02-28,bonk,1.48759671703978e-05,322432763.8,10,3
2024-02-28,floki,5.12335737551732e-05,322989969.4,6,3
2024-02-28,mog-coin,2.88994143503038e-07,8960430.962,10,3
2024-02-29,shiba-inu,1.17654248741733e-05,1487905260.0,10,1
2024-02-29,pepe,3.15056184846724e-06,2063757902.0,82,1
2024-02-29,bonk,1.80708747076985e-05,495947543.8,21,1
2024-02-29,floki,5.65520172619807e-05,289531734.1,5,1
2024-02-29,mog-coin,4.34452276710195e-07,17517180.9,10,1
2024-03-01,shiba-inu,1.26040317297717e-05,2144640924.0,5,6
2024-03-01,pepe,2.73300815561178e-06,848875253.5,60,6
2024-03-01,bonk,2.23108850149545e-05,934946331.8,9,6
2024-03-01,floki,5.37574168656702e-05,157361657.6,5,6
2024-03-01,mog-coin,3.56740674435658e-07,8053001.126,6,6
2024-03-02,shiba-inu,1.65243748691672e-05,2431551193.0,15,2
2024-03-02,pepe,3.95784391240818e-06,1777281448.0,68,2
2024-03-02,bonk,2.5139334397148e-05,610881427.6,9,2
2024-03-02,floki,8.77786835462228e-05,576391367.0,15,2
2024-03-02,mog-coin,4.55327191452344e-07,12587089.13,6,2
2024-03-03,shiba-inu,2.27147477360946e-05,6238587905.0,8,0
2024-03-03,pepe,4.38532085520255e-06,1697291887.0,72,0
2024-03-03,bonk,2.43815430893995e-05,600056964.3,8,0
2024-03-03,floki,0.000135544883724454,1312171140.0,12,0
2024-03-03,mog-coin,6.11613446533395e-07,15756496.86,8,0
2024-03-04,shiba-inu,2.25323899221934e-05,3345219691.0,18,9
2024-03-04,pepe,5.88166832046967e-06,2379694321.0,80,9
2024-03-04,bonk,2.65344824634133e-05,584811320.8,18,9
2024-03-04,floki,0.000147180490942793,998193597.6,9,9
2024-03-04,mog-coin,7.86415973264052e-07,18069401.14,6,9
2024-03-05,shiba-inu,3.54119215944461e-05,9559189076.0,25,3
2024-03-05,pepe,7.05338946511174e-06,3906792120.0,64,3
2024-03-05,bonk,3.78446868822484e-05,1897500021.0,14,3
2024-03-05,floki,0.000144243454484907,1041793619.0,8,3
2024-03-05,mog-coin,7.1967562173514e-07,30314710.8,5,3
2024-03-06,shiba-inu,3.62884102382532e-05,14938359934.0,11,6
2024-03-06,pepe,6.41619053690923e-06,3539689768.0,55,6
2024-03-06,bonk,3.12589272152387e-05,1333570999.0,8,6
2024-03-06,floki,0.000117499887398775,651391782.4,6,6
2024-03-06,mog-coin,7.08008754381612e-07,18794051.27,6,6
2024-03-07,shiba-inu,3.3609167483255e-05,6172368718.0,8,1
2024-03-07,pepe,7.2461801102774e-06,2773565415.0,59,1
2024-03-07,bonk,3.00976360910606e-05,621312565.7,8,1
2024-03-07,floki,0.000132420395565232,579405815.1,5,1
2024-03-07,mog-coin,9.17117507521103e-07,26080425.15,6,1
2024-03-08,shiba-inu,3.14498745130357e-05,3842394919.0,11,8
2024-03-08,pepe,6.8035719382379e-06,1425289802.0,69,8
2024-03-08,bonk,2.71049822638079e-05,468766363.8,9,8
2024-03-08,floki,0.000139344914668358,370100082.5,18,8
2024-03-08,mog-coin,1.14288265536978e-06,22703578.61,6,8
2024-03-09,shiba-inu,3.53703574185528e-05,4458720264.0,7,2
2024-03-09,pepe,9.11382292851858e-06,3494258563.0,69,2
2024-03-09,bonk,3.20570537354435e-05,904381075.6,9,2
2024-03-09,floki,0.000234255737403223,2136159537.0,17,2
2024-03-09,mog-coin,9.92107425501571e-07,13545479.3,6,2
2024-03-10,shiba-inu,3.51028603581265e-05,2529416121.0,6,0
2024-03-10,pepe,8.82881578084648e-06,1869464999.0,59,0
2024-03-10,bonk,3.4146551653274e-05,489306411.8,9,0
2024-03-10,floki,0.000240862774071143,1481616337.0,13,0
2024-03-10,mog-coin,1.09484181505892e-06,10403044.94,7,0
2024-03-11,shiba-inu,3.27963077790969e-05,1904963582.0,7,4
2024-03-11,pepe,8.52700278990515e-06,1216966105.0,50,4
2024-03-11,bonk,3.09261797384898e-05,331893695.4,8,4
2024-03-11,floki,0.000273426896401828,1422114124.0,13,4
2024-03-11,mog-coin,8.33681920535497e-07,8511722.86,6,4
2024-03-12,shiba-inu,3.38614898870714e-05,2488071982.0,6,2
2024-03-12,pepe,9.0514701360669e-06,1464249567.0,100,2
2024-03-12,bonk,3.11067336518194e-05,352977925.4,7,2
2024-03-12,floki,0.000297331573016424,1629097665.0,9,2
2024-03-12,mog-coin,8.31625826514274e-07,9025126.014,5,2
2024-03-13,shiba-inu,3.21769105700373e-05,1877523434.0,5,5
2024-03-13,pepe,8.26909283937774e-06,1038471853.0,66,5
2024-03-13,bonk,2.88048045995703e-05,301838098.8,7,5
2024-03-13,floki,0.000269910623281815,1005386214.0,9,5
2024-03-13,mog-coin,8.35489448202049e-07,8875920.728,5,5
2024-03-14,shiba-inu,3.200298030142e-05,1273334757.0,5,3
2024-03-14,pepe,9.02487211896543e-06,1801594521.0,64,3
2024-03-14,bonk,3.19985775286706e-05,502784950.6,9,3
2024-03-14,floki,0.000269136596944566,570734853.3,10,3
2024-03-14,mog-coin,8.84974855473863e-07,13886402.15,7,3
2024-03-15,shiba-inu,3.22770426036242e-05,2868211606.0,4,11
2024-03-15,pepe,1.00252379250056e-05,3205490525.0,57,11
2024-03-15,bonk,3.42680442556653e-05,908223313.9,6,11
2024-03-15,floki,0.000278679762335129,1238213689.0,8,11
2024-03-15,mog-coin,1.20130563915883e-06,35082927.87,6,11
2024-03-16,shiba-inu,2.99003463540202e-05,2498057739.0,4,1
2024-03-16,pepe,8.95116724460847e-06,1924349693.0,60,1
2024-03-16,bonk,2.96840313938437e-05,586235706.5,7,1
2024-03-16,floki,0.000267967712210734,828468605.9,8,1
2024-03-16,mog-coin,9.33653091115653e-07,17720031.16,6,1
2024-03-17,shiba-inu,2.50575901168204e-05,1823996533.0,4,8
2024-03-17,pepe,7.35708679094829e-06,1552340128.0,59,8
2024-03-17,bonk,2.5061817881261e-05,354771733.5,6,8
2024-03-17,floki,0.000211058417264625,615600821.2,7,8
2024-03-17,mog-coin,6.80304661245316e-07,14395725.93,6,8
2024-03-18,shiba-inu,2.92994477658864e-05,2496562836.0,4,5
2024-03-18,pepe,7.83618904926955e-06,1300440384.0,48,5
2024-03-18,bonk,2.81509797041053e-05,346736328.9,6,5
2024-03-18,floki,0.000222485772433796,505940073.1,7,5
2024-03-18,mog-coin,9.24629945349221e-07,16412775.04,6,5
2024-03-19,shiba-inu,2.68844515557632e-05,1583083427.0,4,3
2024-03-19,pepe,6.81714313300552e-06,935113006.5,53,3
2024-03-19,bonk,2.35935397612926e-05,271737004.9,6,3
2024-03-19,floki,0.000192451957331209,414864778.8,7,3
2024-03-19,mog-coin,7.44998915344581e-07,12123679.71,6,3
2024-03-20,shiba-inu,2.49239019423135e-05,2089890007.0,3,1
2024-03-20,pepe,6.56441042055591e-06,1483733177.0,47,1
2024-03-20,bonk,2.17036910255594e-05,325827342.7,6,1
2024-03-20,floki,0.000176398843922227,533748198.7,7,1
2024-03-20,mog-coin,6.84096730120014e-07,15765517.47,6,1
2024-03-21,shiba-inu,2.77073536390132e-05,1873137885.0,4,8
2024-03-21,pepe,8.42416889684243e-06,1944600581.0,52,8
2024-03-21,bonk,2.45680540923697e-05,286022609.0,5,8
2024-03-21,floki,0.000234748575930687,749891679.9,9,8
2024-03-21,mog-coin,8.66283378732834e-07,12037655.08,6,8
2024-03-22,shiba-inu,2.7194365624018e-05,1462558351.0,3,3
2024-03-22,pepe,7.90508653346624e-06,1052344280.0,54,3
2024-03-22,bonk,2.28311977447013e-05,172088900.0,5,3
2024-03-22,floki,0.000214823276456577,863637217.6,8,3
2024-03-22,mog-coin,7.23780911169057e-07,8424507.504,6,3
2024-03-23,shiba-inu,2.64385176309692e-05,1110651465.0,3,1
2024-03-23,pepe,7.39050602811133e-06,835445868.3,58,1
2024-03-23,bonk,2.16399220212206e-05,147522626.9,5,1
2024-03-23,floki,0.000226531885519424,663870910.3,7,1
2024-03-23,mog-coin,7.21303297334958e-07,5435863.866,6,1
2024-03-24,shiba-inu,2.72608467997687e-05,1015012967.0,3,2
2024-03-24,pepe,7.33517391737309e-06,593737338.8,57,2
2024-03-24,bonk,2.21578533613985e-05,123743840.6,5,2
2024-03-24,floki,0.000229922259246807,474225254.0,7,2
2024-03-24,mog-coin,7.99747018660217e-07,5998586.802,7,2
2024-03-25,shiba-inu,2.80896064761479e-05,906465055.3,3,0
2024-03-25,pepe,7.81100087103428e-06,522368825.3,48,0
2024-03-25,bonk,2.40922566974088e-05,123549261.7,5,0
2024-03-25,floki,0.000240340433785468,394840211.1,6,0
2024-03-25,mog-coin,9.92865166308524e-07,12279349.42,6,0
2024-03-26,shiba-inu,2.8666900488207e-05,1592197511.0,3,0
2024-03-26,pepe,8.09794980889845e-06,1031163305.0,49,0
2024-03-26,bonk,2.52262796257512e-05,198674097.5,6,0
2024-03-26,floki,0.000241204827739364,633010893.1,6,0
2024-03-26,mog-coin,9.12832369435989e-07,11186843.12,8,0
2024-03-27,shiba-inu,3.06994683908102e-05,1647980499.0,4,1
2024-03-27,pepe,8.04489242633446e-06,893621990.0,79,1
2024-03-27,bonk,2.6984982436643e-05,263128450.5,5,1
2024-03-27,floki,0.000242273260581492,470381800.3,5,1
2024-03-27,mog-coin,8.79110974237869e-07,7871237.723,7,1
2024-03-28,shiba-inu,3.0150225545421e-05,1529059126.0,4,1
2024-03-28,pepe,7.64419037487021e-06,650597819.1,50,1
2024-03-28,bonk,2.59235928129649e-05,173380727.8,6,1
2024-03-28,floki,0.000225477989635281,338725152.0,6,1
2024-03-28,mog-coin,7.47501235375772e-07,8282228.267,6,1
2024-03-29,shiba-inu,3.20021833156739e-05,1729809471.0,3,0
2024-03-29,pepe,7.97656950699307e-06,781831298.8,54,0
2024-03-29,bonk,2.82826868421108e-05,319895482.7,5,0
2024-03-29,floki,0.000251719825232955,886418701.2,6,0
2024-03-29,mog-coin,8.25709984473565e-07,9100576.369,7,0
2024-03-30,shiba-inu,3.08454955611977e-05,981850718.8,3,0
2024-03-30,pepe,7.75949639920046e-06,458059750.1,58,0
2024-03-30,bonk,2.64146477546195e-05,182999311.0,5,0
2024-03-30,floki,0.000240682152504856,322824034.3,5,0
2024-03-30,mog-coin,6.73244794663843e-07,21235819.02,7,0
2024-03-31,shiba-inu,2.9857539055414e-05,719054088.4,3,2
2024-03-31,pepe,8.09303746349947e-06,1026396410.0,57,2
2024-03-31,bonk,2.70331368406617e-05,227142161.9,5,2
2024-03-31,floki,0.000243609063417498,429178041.0,6,2
2024-03-31,mog-coin,7.15964812085446e-07,22061507.47,6,2
2024-04-01,shiba-inu,3.07385765690033e-05,472742373.4,4,1
2024-04-01,pepe,8.77804490375848e-06,919301966.0,68,1
2024-04-01,bonk,2.80108654044497e-05,137012757.0,7,1
2024-04-01,floki,0.000248401660041815,322314936.6,7,1
2024-04-01,mog-coin,7.46741504392185e-07,14124455.94,9,1
2024-04-02,shiba-inu,2.86801782035839e-05,861926796.7,4,1
2024-04-02,pepe,7.95144626174999e-06,914208807.0,69,1
2024-04-02,bonk,2.5876910230591e-05,162526914.9,7,1
2024-04-02,floki,0.000233965286900843,290812977.3,7,1
2024-04-02,mog-coin,6.30490895872239e-07,14077775.57,9,1
2024-04-03,shiba-inu,2.64052502770827e-05,1015410813.0,4,1
2024-04-03,pepe,7.26143384116025e-06,914592083.7,65,1
2024-04-03,bonk,2.26880612950566e-05,151446076.3,6,1
2024-04-03,floki,0.000209469983701127,299502759.9,6,1
2024-04-03,mog-coin,6.18008039307057e-07,10626670.14,8,1
2024-04-04,shiba-inu,2.63883553272325e-05,813080089.0,4,0
2024-04-04,pepe,6.82766692376424e-06,658543852.1,70,0
2024-04-04,bonk,2.24846376564409e-05,121737352.4,7,0
2024-04-04,floki,0.000199306580017223,236499112.8,6,0
2024-04-04,mog-coin,5.6621443313263e-07,4329974.04,9,0
2024-04-05,shiba-inu,2.76796532255479e-05,673493264.6,4,0
2024-04-05,pepe,6.911565628311e-06,483595719.9,72,0
2024-04-05,bonk,2.31027752523873e-05,399414404.1,7,0
2024-04-05,floki,0.000200749282371882,214337151.8,6,0
2024-04-05,mog-coin,5.43449982854434e-07,7560304.201,9,0
2024-04-06,shiba-inu,2.68461479965129e-05,564132888.6,3,0
2024-04-06,pepe,6.59878373789184e-06,408609476.4,78,0
2024-04-06,bonk,2.18874864852164e-05,107942115.8,6,0
2024-04-06,floki,0.000188649589174166,155936606.8,7,0
2024-04-06,mog-coin,5.61782228271608e-07,10610738.9,10,0
2024-04-07,shiba-inu,2.75124937315935e-05,375990057.2,5,2
2024-04-07,pepe,6.78335670732124e-06,261489595.7,77,2
2024-04-07,bonk,2.27483308979471e-05,76641968.37,6,2
2024-04-07,floki,0.000195946757749685,144387693.0,7,2
2024-04-07,mog-coin,5.99327760540153e-07,6312158.969,10,2
2024-04-08,shiba-inu,2.82378610564782e-05,721684448.7,4,0
2024-04-08,pepe,7.45927205089506e-06,538870245.7,67,0
2024-04-08,bonk,2.35584369378819e-05,90524736.43,6,0
2024-04-08,floki,0.000205477060059567,212078176.2,7,0
2024-04-08,mog-coin,6.15702146038048e-07,9035280.061,9,0
2024-04-09,shiba-inu,2.8747948707785e-05,699623201.5,4,1
2024-04-09,pepe,7.76765431385349e-06,622586224.1,65,1
2024-04-09,bonk,2.44125767750959e-05,113637571.7,6,1
2024-04-09,floki,0.000215496911427113,215697984.4,6,1
2024-04-09,mog-coin,6.28710587259842e-07,11858519.94,8,1
2024-04-10,shiba-inu,2.74829344693171e-05,658160508.7,4,1
2024-04-10,pepe,7.0355551659952e-06,516150076.3,66,1
2024-04-10,bonk,2.22922177090146e-05,98598026.7,6,1
2024-04-10,floki,0.000198755659619459,156074564.7,6,1
2024-04-10,mog-coin,5.68406040418179e-07,5932131.66,8,1
2024-04-11,shiba-inu,2.79788166882364e-05,650772538.7,4,9
2024-04-11,pepe,7.11908251839787e-06,555482091.8,72,9
2024-04-11,bonk,2.26491853515581e-05,103169061.8,6,9
2024-04-11,floki,0.000197586353282044,171654588.2,6,9
2024-04-11,mog-coin,5.98972482850543e-07,5029983.524,9,9
2024-04-12,shiba-inu,2.75444052451199e-05,444247026.6,5,1
2024-04-12,pepe,7.3300370212833e-06,689857694.4,74,1
2024-04-12,bonk,2.17347626856619e-05,79083639.49,6,1
2024-04-12,floki,0.000191947522077254,146983190.4,6,1
2024-04-12,mog-coin,5.24235571390352e-07,5166270.839,9,1
2024-04-13,shiba-inu,2.48064730332098e-05,1173233107.0,4,4
2024-04-13,pepe,5.95937931976159e-06,1148006012.0,92,4
2024-04-13,bonk,1.73763821711484e-05,177262381.5,6,4
2024-04-13,floki,0.000159090479384096,267252732.0,7,4
2024-04-13,mog-coin,4.87966868733922e-07,5753198.246,10,4
2024-04-14,shiba-inu,2.13084419468652e-05,1542064547.0,4,0
2024-04-14,pepe,5.0970068822465e-06,1325083216.0,88,0
2024-04-14,bonk,1.55290145590172e-05,209283266.1,5,0
2024-04-14,floki,0.000134648897351601,305795476.4,6,0
2024-04-14,mog-coin,4.71511825506198e-07,4926651.238,10,0
2024-04-15,shiba-inu,2.27403158496808e-05,1371219542.0,3,0
2024-04-15,pepe,5.46689695810763e-06,959699454.9,68,0
2024-04-15,bonk,1.62843899912349e-05,120840476.1,5,0
2024-04-15,floki,0.000151308945509733,268900554.7,5,0
2024-04-15,mog-coin,5.20307695663502e-07,5861531.119,9,0
2024-04-16,shiba-inu,2.19412130788169e-05,1095234411.0,3,0
2024-04-16,pepe,5.10294725376329e-06,762961104.8,69,0
2024-04-16,bonk,1.46879734096837e-05,106362179.5,5,0
2024-04-16,floki,0.00014314047361946,197601251.5,5,0
2024-04-16,mog-coin,4.50844898155302e-07,4867273.217,8,0
2024-04-17,shiba-inu,2.26782783678924e-05,883515137.9,3,5
2024-04-17,pepe,5.40873144544449e-06,689476369.0,72,5
2024-04-17,bonk,1.46807747678819e-05,101077392.1,6,5
2024-04-17,floki,0.000141964213736129,190004425.5,5,5
2024-04-17,mog-coin,4.91214027094953e-07,4687688.56,9,5
2024-04-18,shiba-inu,2.211679105311e-05,594950256.4,3,0
2024-04-18,pepe,4.92519857574381e-06,554241025.2,75,0
2024-04-18,bonk,1.39431574984573e-05,72205788.63,6,0
2024-04-18,floki,0.000133757285454669,152851823.5,5,0
2024-04-18,mog-coin,4.25818438176649e-07,5285947.778,8,0
2024-04-19,shiba-inu,2.27678160396324e-05,440264215.5,4,1
2024-04-19,pepe,5.08467992640202e-06,506223488.0,79,1
2024-04-19,bonk,1.47212388388773e-05,71150506.08,6,1
2024-04-19,floki,0.000138418871674946,132450588.1,6,1
2024-04-19,mog-coin,5.16483341777369e-07,5804804.578,9,1
2024-04-20,shiba-inu,2.29127326039117e-05,658131298.1,5,5
2024-04-20,pepe,5.14294491679587e-06,638422344.6,84,5
2024-04-20,bonk,1.4916480900859e-05,100550043.2,7,5
2024-04-20,floki,0.000139982365934296,160228645.5,7,5
2024-04-20,mog-coin,5.28874491118131e-07,7408763.068,10,5
2024-04-21,shiba-inu,2.62452698362131e-05,764149417.6,5,0
2024-04-21,pepe,5.78206150526559e-06,497512854.6,84,0
2024-04-21,bonk,1.95279748396353e-05,198668799.4,10,0
2024-04-21,floki,0.000166492822886036,190273142.0,7,0
2024-04-21,mog-coin,6.39789849006673e-07,4317541.291,10,0
2024-04-22,shiba-inu,2.6280754051695e-05,987012388.1,4,12
2024-04-22,pepe,5.96058888009771e-06,678652817.6,72,12
2024-04-22,bonk,2.09076210481901e-05,377307974.7,7,12
2024-04-22,floki,0.000171169572519541,260590056.3,6,12
2024-04-22,mog-coin,5.79486293998887e-07,5417710.051,8,12
2024-04-23,shiba-inu,2.6894235073998e-05,721964847.2,3,0
2024-04-23,pepe,6.88743638457765e-06,1058181207.0,74,0
2024-04-23,bonk,2.02528270774546e-05,177938019.5,7,0
2024-04-23,floki,0.000176440118882254,209426496.3,7,0
2024-04-23,mog-coin,6.24252086968998e-07,5417175.883,9,0
2024-04-24,shiba-inu,2.67600710076545e-05,663795714.0,4,0
2024-04-24,pepe,7.67975444316014e-06,1346146843.0,73,0
2024-04-24,bonk,2.46273851467215e-05,323037059.3,12,0
2024-04-24,floki,0.000192773850385138,382107715.5,7,0
2024-04-24,mog-coin,6.58353325798191e-07,6295117.628,9,0
2024-04-25,shiba-inu,2.56442273423551e-05,783166695.2,3,0
2024-04-25,pepe,7.26842191386896e-06,1327415873.0,74,0
2024-04-25,bonk,2.44460949340626e-05,612606928.1,10,0
2024-04-25,floki,0.000184206500346676,321505597.8,6,0
2024-04-25,mog-coin,6.68639862540716e-07,8940546.665,9,0
2024-04-26,shiba-inu,2.5713994894602e-05,792428896.6,2,2
2024-04-26,pepe,7.81889145762624e-06,1162760539.0,71,2
2024-04-26,bonk,2.71619445263116e-05,535086760.5,10,2
2024-04-26,floki,0.000187460746107726,270998194.2,5,2
2024-04-26,mog-coin,6.75710022161173e-07,5091035.21,9,2
2024-04-27,shiba-inu,2.52313642842451e-05,578932847.7,3,0
2024-04-27,pepe,7.35172721484592e-06,828532585.7,77,0
2024-04-27,bonk,2.55022096663648e-05,412570466.4,8,0
2024-04-27,floki,0.0001824887851091,193373011.8,5,0
2024-04-27,mog-coin,6.22867311570696e-07,5220849.402,10,0
2024-04-28,shiba-inu,2.4818688554163e-05,480482020.5,2,0
2024-04-28,pepe,7.22051141585698e-06,672462497.1,86,0
2024-04-28,bonk,2.46465405474305e-05,327697814.7,8,0
2024-04-28,floki,0.000173654913850493,141026688.9,5,0
2024-04-28,mog-coin,6.70329913252717e-07,3692806.633,10,0
2024-04-29,shiba-inu,2.42177750075939e-05,360475847.4,3,0
2024-04-29,pepe,7.21249259318171e-06,619476380.0,82,0
2024-04-29,bonk,2.50224121466769e-05,281413933.1,8,0
2024-04-29,floki,0.000169754553198456,119713890.0,4,0
2024-04-29,mog-coin,5.82616304403615e-07,3623509.278,9,0
2024-04-30,shiba-inu,2.4141908108538e-05,565381850.4,2,0
2024-04-30,pepe,7.34983951331194e-06,650151669.2,100,0
2024-04-30,bonk,2.54722052886816e-05,273598037.9,6,0
2024-04-30,floki,0.000170419828506249,128028564.5,4,0
2024-04-30,mog-coin,6.12533845884622e-07,3107207.036,8,0
2024-05-01,shiba-inu,2.2432170719496e-05,679448096.9,3,0
2024-05-01,pepe,6.68201631251466e-06,924148217.0,93,0
2024-05-01,bonk,2.26713407165806e-05,266828177.2,6,0
2024-05-01,floki,0.000156703213267577,138989035.3,5,0
2024-05-01,mog-coin,5.37476395535217e-07,4375433.946,9,0
2024-05-02,shiba-inu,2.26253839386281e-05,850635193.7,3,0
2024-05-02,pepe,7.01773695092391e-06,1140852797.0,79,0
2024-05-02,bonk,2.29979579278107e-05,397323089.6,7,0
2024-05-02,floki,0.00015894088586378,201017504.9,5,0
2024-05-02,mog-coin,5.32984495779783e-07,5884122.131,9,0
2024-05-03,shiba-inu,2.28763159621885e-05,691066631.5,3,5
2024-05-03,pepe,7.56544263642734e-06,1159143252.0,82,5
2024-05-03,bonk,2.53644344971712e-05,403784734.4,7,5
2024-05-03,floki,0.000164248723269683,194827258.8,5,5
2024-05-03,mog-coin,5.71969129332274e-07,3685609.961,9,5
2024-05-04,shiba-inu,2.44489982071998e-05,625553417.8,3,2
2024-05-04,pepe,8.09996082739634e-06,1105091520.0,100,2
2024-05-04,bonk,2.7181280610577e-05,415018737.1,7,2
2024-05-04,floki,0.00017462287177695,181102382.1,6,2
2024-05-04,mog-coin,5.86946171440335e-07,3920163.87,10,2
2024-05-05,shiba-inu,2.50373049837013e-05,694441819.4,3,0
2024-05-05,pepe,8.66190393622805e-06,1087692388.0,78,0
2024-05-05,bonk,2.75320710860715e-05,353134268.0,6,0
2024-05-05,floki,0.000192258050824313,349094217.9,6,0
2024-05-05,mog-coin,5.90963197519036e-07,3322071.357,10,0
2024-05-06,shiba-inu,2.46982461739766e-05,384490337.3,3,0
2024-05-06,pepe,8.49430978202031e-06,697817314.9,71,0
2024-05-06,bonk,2.63879752419456e-05,209498158.9,6,0
2024-05-06,floki,0.000187718941816338,173790476.2,4,0
2024-05-06,mog-coin,5.61402583782495e-07,3025570.966,8,0
2024-05-07,shiba-inu,2.38727946865865e-05,631854890.8,2,1
2024-05-07,pepe,8.33651481678871e-06,966401309.7,65,1
2024-05-07,bonk,2.49425933424376e-05,293167312.2,7,1
2024-05-07,floki,0.000179157519848386,222695413.2,5,1
2024-05-07,mog-coin,5.25906111925224e-07,3741222.854,9,1
2024-05-08,shiba-inu,2.30391002835507e-05,407730587.0,2,1
2024-05-08,pepe,7.94466678943756e-06,692781426.1,67,1
2024-05-08,bonk,2.38022306889425e-05,167291566.8,6,1
2024-05-08,floki,0.000172236560360916,130777525.2,4,1
2024-05-08,mog-coin,4.69170016022956e-07,4635647.544,9,1
2024-05-09,shiba-inu,2.25702101968098e-05,448154306.8,2,0
2024-05-09,pepe,7.98742699566289e-06,683465288.6,64,0
2024-05-09,bonk,2.34931362573802e-05,153407640.7,6,0
2024-05-09,floki,0.000170351733931596,148840920.5,4,0
2024-05-09,mog-coin,4.56338680813909e-07,3004060.106,9,0
2024-05-10,shiba-inu,2.35156552288965e-05,370248743.4,2,0
2024-05-10,pepe,8.54970140951509e-06,891532744.2,71,0
2024-05-10,bonk,2.46116285238396e-05,194971626.5,6,0
2024-05-10,floki,0.000179756514701184,180677586.7,5,0
2024-05-10,mog-coin,4.80901771510605e-07,4970863.125,9,0
2024-05-11,shiba-inu,2.24298091462401e-05,458972266.0,2,0
2024-05-11,pepe,8.41597234866276e-06,753174399.2,76,0
2024-05-11,bonk,2.29065386345259e-05,220490574.3,5,0
2024-05-11,floki,0.000168833299918358,149996518.2,4,0
2024-05-11,mog-coin,4.44079445424639e-07,3053071.663,10,0
2024-05-12,shiba-inu,2.24796801617891e-05,212343582.9,2,0
2024-05-12,pepe,8.47529126018586e-06,616726309.6,82,0
2024-05-12,bonk,2.28600764701472e-05,109287266.7,5,0
2024-05-12,floki,0.000169414810688728,96077629.37,5,0
2024-05-12,mog-coin,4.52454104797351e-07,3214883.829,9,0
2024-05-13,shiba-inu,2.23157709706174e-05,155099872.4,3,5
2024-05-13,pepe,8.75451945311551e-06,449908904.5,74,5
2024-05-13,bonk,2.28064375095523e-05,73015544.17,6,5
2024-05-13,floki,0.000169597294776839,70666742.76,5,5
2024-05-13,mog-coin,4.50779429723597e-07,1981872.211,8,5
2024-05-14,shiba-inu,2.33030660041308e-05,847101095.3,2,0
2024-05-14,pepe,9.85049949358771e-06,1998452405.0,78,0
2024-05-14,bonk,2.3323903218929e-05,288151977.9,6,0
2024-05-14,floki,0.000182604079546317,330215864.6,6,0
2024-05-14,mog-coin,5.45909887483074e-07,6643323.313,10,0
2024-05-15,shiba-inu,2.29525834875842e-05,781955066.6,3,1
2024-05-15,pepe,1.05112974455574e-05,2467823169.0,78,1
2024-05-15,bonk,2.28989839098416e-05,249556693.9,6,1
2024-05-15,floki,0.0001885762652946,519612071.7,8,1
2024-05-15,mog-coin,5.5420086288548e-07,8175413.99,9,1
2024-05-16,shiba-inu,2.523593212563e-05,865796532.6,3,0
2024-05-16,pepe,1.05573141872162e-05,1871017577.0,75,0
2024-05-16,bonk,2.48605825362283e-05,280512143.4,6,0
2024-05-16,floki,0.000211636218027167,702566339.5,6,0
2024-05-16,mog-coin,7.13981309812682e-07,19254464.57,9,0
2024-05-17,shiba-inu,2.45193369218268e-05,701330109.6,3,1
2024-05-17,pepe,1.00546111335708e-05,1007141525.0,75,1
2024-05-17,bonk,2.3918843344003e-05,273320054.0,6,1
2024-05-17,floki,0.000206502390339971,326588302.5,5,1
2024-05-17,mog-coin,6.48757625924762e-07,17151895.03,10,1
2024-05-18,shiba-inu,2.50373879666657e-05,411374846.1,3,4
2024-05-18,pepe,1.02025873893702e-05,729576312.1,88,4
2024-05-18,bonk,2.44674207431669e-05,191333517.7,5,4
2024-05-18,floki,0.0002108435977623,266902395.6,6,4
2024-05-18,mog-coin,7.07392148837407e-07,22588760.25,10,4
2024-05-19,shiba-inu,2.47540282744857e-05,271726703.9,3,0
2024-05-19,pepe,9.54155867067588e-06,660327054.0,90,0
2024-05-19,bonk,2.62708671589989e-05,326693229.8,8,0
2024-05-19,floki,0.000203840978548893,173347910.3,5,0
2024-05-19,mog-coin,5.89149985355327e-07,21450624.67,10,0
2024-05-20,shiba-inu,2.38530739276874e-05,287510999.1,4,0
2024-05-20,pepe,9.16467913138864e-06,479152766.8,76,0
2024-05-20,bonk,2.51949604546024e-05,539085576.6,7,0
2024-05-20,floki,0.000193024222657286,131802179.6,5,0
2024-05-20,mog-coin,5.33725354255953e-07,8342621.708,9,0
2024-05-21,shiba-inu,2.59860331671127e-05,632106262.2,4,0
2024-05-21,pepe,1.12385265947393e-05,1357995455.0,88,0
2024-05-21,bonk,3.03958132671599e-05,585211311.5,10,0
2024-05-21,floki,0.000214684605224574,224954842.4,6,0
2024-05-21,mog-coin,8.0046523891262e-07,26288685.43,11,0
2024-05-22,shiba-inu,2.60718682083495e-05,931438745.1,4,0
2024-05-22,pepe,1.38093581048539e-05,2710433139.0,90,0
2024-05-22,bonk,3.28739766079775e-05,1015420156.0,8,0
2024-05-22,floki,0.000230120862864905,437181393.9,6,0
2024-05-22,mog-coin,9.77188143601947e-07,54654578.07,8,0
2024-05-23,shiba-inu,2.53012597525472e-05,723040417.8,3,1
2024-05-23,pepe,1.33444001161009e-05,2139826384.0,88,1
2024-05-23,bonk,3.22328363894124e-05,686700513.4,9,1
2024-05-23,floki,0.000223056061099072,441259507.2,6,1
2024-05-23,mog-coin,9.07602896935434e-07,30816972.96,9,1
2024-05-24,shiba-inu,2.45846575088133e-05,737181552.4,3,5
2024-05-24,pepe,1.49228028707792e-05,2843095738.0,82,5
2024-05-24,bonk,3.51854328511082e-05,1001153924.0,9,5
2024-05-24,floki,0.000226512493394442,412787119.2,5,5
2024-05-24,mog-coin,1.11801890528034e-06,57916614.38,10,5
2024-05-25,shiba-inu,2.43756626476215e-05,417250233.7,3,1
2024-05-25,pepe,1.41639257136042e-05,1340563961.0,99,1
2024-05-25,bonk,3.31809567600331e-05,474983810.0,8,1
2024-05-25,floki,0.000220477931104862,236563762.6,6,1
2024-05-25,mog-coin,9.59700045630731e-07,26289196.6,10,1
2024-05-26,shiba-inu,2.50010791586604e-05,361331852.1,4,0
2024-05-26,pepe,1.49378845657608e-05,1353249139.0,96,0
2024-05-26,bonk,3.49592121997457e-05,512468269.7,7,0
2024-05-26,floki,0.000224771290778808,307934242.4,6,0
2024-05-26,mog-coin,1.067738308918e-06,25106749.75,11,0
2024-05-27,shiba-inu,2.43223642161282e-05,291297377.8,4,1
2024-05-27,pepe,1.59524369060733e-05,1480963936.0,94,1
2024-05-27,bonk,3.38965908595992e-05,356537832.3,9,1
2024-05-27,floki,0.000225028667865482,226962076.6,12,1
2024-05-27,mog-coin,1.21257643723772e-06,48192685.57,11,1
2024-05-28,shiba-inu,2.54879170749974e-05,683674002.4,4,0
2024-05-28,pepe,1.66466089320227e-05,1693322405.0,81,0
2024-05-28,bonk,3.91126528178585e-05,776264476.3,11,0
2024-05-28,floki,0.000277448006927928,960541131.5,9,0
2024-05-28,mog-coin,1.52085707005196e-06,94925052.65,10,0
2024-05-29,shiba-inu,2.66578937631662e-05,1252767621.0,6,0
2024-05-29,pepe,1.59928691380033e-05,1624727242.0,81,0
2024-05-29,bonk,4.11969579300203e-05,1110914869.0,9,0
2024-05-29,floki,0.000295048029903312,1182807650.0,8,0
2024-05-29,mog-coin,1.45562351403872e-06,50923255.26,9,0
2024-05-30,shiba-inu,2.76156402327268e-05,1810591791.0,4,0
2024-05-30,pepe,1.4720376095071e-05,1344093906.0,79,0
2024-05-30,bonk,3.64033296871827e-05,653519335.1,8,0
2024-05-30,floki,0.000267791368625144,553720445.5,7,0
2024-05-30,mog-coin,1.42321119457064e-06,65434209.42,11,0
2024-05-31,shiba-inu,2.59049267708988e-05,952701871.6,4,1
2024-05-31,pepe,1.44128559609501e-05,1674212615.0,85,1
2024-05-31,bonk,3.38978001206654e-05,757675450.9,7,1
2024-05-31,floki,0.000248423811704305,581172239.1,6,1
2024-05-31,mog-coin,1.37446286390994e-06,48565848.01,12,1
2024-06-01,shiba-inu,2.54476485231239e-05,513324455.3,1,0
2024-06-01,pepe,1.54410473832699e-05,1441260596.0,24,0
2024-06-01,bonk,3.45145905663287e-05,491343611.7,1,0
2024-06-01,floki,0.000256260740101542,413194426.7,2,0
2024-06-01,mog-coin,1.42211634117548e-06,39933541.45,3,0
2024-06-02,shiba-inu,2.52820274786153e-05,237955565.1,1,3
2024-06-02,pepe,1.48547128934028e-05,866205800.6,23,3
2024-06-02,bonk,3.31940971460646e-05,267826627.5,2,3
2024-06-02,floki,0.000252595514993592,252646125.0,2,3
2024-06-02,mog-coin,1.52851964535872e-06,32605985.97,3,3
2024-06-03,shiba-inu,2.46207900078588e-05,369214466.1,1,0
2024-06-03,pepe,1.45675618991979e-05,906602613.0,21,0
2024-06-03,bonk,3.17308795732512e-05,315203904.4,2,0
2024-06-03,floki,0.000243928949568606,252153188.5,2,0
2024-06-03,mog-coin,1.29636177015805e-06,35011651.71,3,0
2024-06-04,shiba-inu,2.44163467625656e-05,370441978.9,1,0
2024-06-04,pepe,1.44359280579087e-05,954731018.5,20,0
2024-06-04,bonk,3.20082559033047e-05,564021322.2,2,0
2024-06-04,floki,0.000268845753103939,617110127.1,2,0
2024-06-04,mog-coin,1.32073808706981e-06,38853892.42,3,0
2024-06-05,shiba-inu,2.46484710488789e-05,567921208.6,1,0
2024-06-05,pepe,1.43499741588843e-05,798737846.1,19,0
2024-06-05,bonk,3.313515964522e-05,400913643.1,2,0
2024-06-05,floki,0.000295324139116245,605055777.9,3,0
2024-06-05,mog-coin,1.42680780526115e-06,43784314.52,3,0
2024-06-06,shiba-inu,2.59339097504408e-05,789552721.8,1,0
2024-06-06,pepe,1.4576221135447e-05,1009143961.0,19,0
2024-06-06,bonk,3.39170458198447e-05,583858670.8,2,0
2024-06-06,floki,0.000308903823901314,1122639027.0,2,0
2024-06-06,mog-coin,1.40697753762823e-06,29091662.37,3,0
2024-06-07,shiba-inu,2.52572612098929e-05,402374784.9,1,2
2024-06-07,pepe,1.43928298322799e-05,782065345.7,21,2
2024-06-07,bonk,3.17621564670032e-05,290644537.0,2,2
2024-06-07,floki,0.000322387870950397,624408461.0,2,2
2024-06-07,mog-coin,1.37536021292262e-06,55555656.32,2,2
2024-06-08,shiba-inu,2.37007768004159e-05,809338470.4,1,0
2024-06-08,pepe,1.28229396064675e-05,1313434403.0,25,0
2024-06-08,bonk,2.88638729554541e-05,602053875.7,1,0
2024-06-08,floki,0.000282894865494009,619048657.8,1,0
2024-06-08,mog-coin,1.25157078605468e-06,39132826.17,3,0
2024-06-09,shiba-inu,2.32427991665346e-05,377924529.2,1,1
2024-06-09,pepe,1.2135346246584e-05,881305279.6,24,1
2024-06-09,bonk,2.75292917883494e-05,303988631.2,1,1
2024-06-09,floki,0.000279656616816068,394030115.0,1,1
2024-06-09,mog-coin,1.11973158810955e-06,20455823.22,3,1
2024-06-10,shiba-inu,2.34996151727284e-05,436451538.1,1,0
2024-06-10,pepe,1.27643925566744e-05,727960904.7,20,0
2024-06-10,bonk,2.86204941574883e-05,260459556.2,1,0
2024-06-10,floki,0.000279629495723215,327498038.9,1,0
2024-06-10,mog-coin,1.12973738309777e-06,28161628.47,2,0
2024-06-11,shiba-inu,2.29183798946719e-05,470274007.5,1,0
2024-06-11,pepe,1.20850427968857e-05,714852877.1,27,0
2024-06-11,bonk,2.70793512935638e-05,247542283.1,1,0
2024-06-11,floki,0.000265064298784067,326822598.3,2,0
2024-06-11,mog-coin,1.15850637734651e-06,32735243.14,2,0
2024-06-12,shiba-inu,2.16093771904291e-05,810311103.6,1,0
2024-06-12,pepe,1.27780790370494e-05,1288465698.0,28,0
2024-06-12,bonk,2.72092952170852e-05,442073350.7,2,0
2024-06-12,floki,0.00023696352656926,458695029.2,2,0
2024-06-12,mog-coin,1.06542977188525e-06,35267176.66,3,0
2024-06-13,shiba-inu,2.22097538822101e-05,806619240.5,1,1
2024-06-13,pepe,1.31713126124307e-05,1361365550.0,30,1
2024-06-13,bonk,2.89467478040918e-05,471732210.2,1,1
2024-06-13,floki,0.000218790814364057,687853653.4,2,1
2024-06-13,mog-coin,9.83959911460313e-07,26284199.52,3,1
2024-06-14,shiba-inu,2.11702433759665e-05,387283409.8,1,1
2024-06-14,pepe,1.1870857155894e-05,870321003.7,31,1
2024-06-14,bonk,2.56123577479977e-05,313175338.8,1,1
2024-06-14,floki,0.000205447527239985,410022649.9,1,1
2024-06-14,mog-coin,8.99609753780835e-07,30210106.63,3,1
2024-06-15,shiba-inu,2.0281989333623e-05,428007351.1,1,3
2024-06-15,pepe,1.13736137364197e-05,937642023.4,30,3
2024-06-15,bonk,2.42392339905362e-05,268043617.9,1,3
2024-06-15,floki,0.000200692273395028,344156094.1,1,3
2024-06-15,mog-coin,8.80484780444587e-07,21014342.09,3,3
2024-06-16,shiba-inu,2.07573531805411e-05,225221915.0,1,1
2024-06-16,pepe,1.18092752079905e-05,582194901.9,27,1
2024-06-16,bonk,2.4435455011486e-05,155216379.4,1,1
2024-06-16,floki,0.000202719719982171,195832689.4,1,1
2024-06-16,mog-coin,8.73008149304743e-07,19312650.37,3,1
2024-06-17,shiba-inu,2.09116935441559e-05,170504824.5,1,0
2024-06-17,pepe,1.23170909959093e-05,513606553.1,24,0
2024-06-17,bonk,2.52425086346045e-05,145870368.9,1,0
2024-06-17,floki,0.000207051104827381,179975803.5,1,0
2024-06-17,mog-coin,9.23852545925172e-07,21495231.62,3,0
2024-06-18,shiba-inu,1.92913601773294e-05,399547376.1,1,4
2024-06-18,pepe,1.11716375223929e-05,776597484.1,100,4
2024-06-18,bonk,2.30199676647177e-05,275674582.5,1,4
2024-06-18,floki,0.000181929653134943,306209777.0,1,4
2024-06-18,mog-coin,7.59570871184368e-07,21312460.25,2,4
2024-06-19,shiba-inu,1.81339244803586e-05,653315895.9,1,2
2024-06-19,pepe,1.10089302882799e-05,1059530139.0,32,2
2024-06-19,bonk,2.11197094644682e-05,299425856.2,1,2
2024-06-19,floki,0.000168072553090217,348667739.4,1,2
2024-06-19,mog-coin,8.20500560939979e-07,22644301.98,2,2
2024-06-20,shiba-inu,1.80722036218738e-05,289852730.0,1,0
2024-06-20,pepe,1.13600993352065e-05,763626283.3,25,0
2024-06-20,bonk,2.10513844312475e-05,219598679.1,1,0
2024-06-20,floki,0.000171304737383149,269306550.8,1,0
2024-06-20,mog-coin,8.68525742332395e-07,23423129.33,3,0
2024-06-21,shiba-inu,1.80474183046553e-05,288307124.7,1,2
2024-06-21,pepe,1.09673764133152e-05,809044356.3,24,2
2024-06-21,bonk,2.11258463748989e-05,224025176.5,1,2
2024-06-21,floki,0.000175459493700301,347003054.7,1,2
2024-06-21,mog-coin,8.10636799993922e-07,16164470.18,3,2
2024-06-22,shiba-inu,1.78397787025934e-05,254753879.7,1,0
2024-06-22,pepe,1.14072865994151e-05,763387782.5,72,0
2024-06-22,bonk,2.03621774926163e-05,245681791.6,1,0
2024-06-22,floki,0.000169661015952071,286801581.2,1,0
2024-06-22,mog-coin,9.79738836984969e-07,21106452.24,3,0
2024-06-23,shiba-inu,1.79801231836038e-05,139398112.2,1,0
2024-06-23,pepe,1.14193325987367e-05,361998384.1,34,0
2024-06-23,bonk,2.06299656243289e-05,139806839.7,1,0
2024-06-23,floki,0.000170256454924883,172340034.7,1,0
2024-06-23,mog-coin,1.09652140670214e-06,22393720.33,3,0
2024-06-24,shiba-inu,1.74941377057921e-05,150707228.1,1,1
2024-06-24,pepe,1.08846637085145e-05,454251100.4,25,1
2024-06-24,bonk,1.99448832022288e-05,152519566.7,1,1
2024-06-24,floki,0.000158012453350224,202683409.0,1,1
2024-06-24,mog-coin,9.74570223209087e-07,26529966.85,3,1
2024-06-25,shiba-inu,1.70960049240683e-05,350287810.3,1,0
2024-06-25,pepe,1.12756398730865e-05,865188760.8,22,0
2024-06-25,bonk,2.18277854247431e-05,348486327.9,1,0
2024-06-25,floki,0.000168154590215831,348101283.0,1,0
2024-06-25,mog-coin,1.30824744893184e-06,67290134.43,3,0
2024-06-26,shiba-inu,1.77362896420486e-05,316846231.5,1,0
2024-06-26,pepe,1.28094525511984e-05,1087709001.0,23,0
2024-06-26,bonk,2.31952387087728e-05,353308389.3,1,0
2024-06-26,floki,0.000177965725687189,347016815.1,1,0
2024-06-26,mog-coin,1.44781897457039e-06,57441857.03,3,0
2024-06-27,shiba-inu,1.71087474188928e-05,208446763.9,1,6
2024-06-27,pepe,1.24800327882997e-05,752983682.1,21,6
2024-06-27,bonk,2.18775204728448e-05,222088791.5,1,6
2024-06-27,floki,0.000167296073204038,241104093.2,1,6
2024-06-27,mog-coin,1.40021473552675e-06,39895076.7,3,6
2024-06-28,shiba-inu,1.75278412531965e-05,218447825.9,1,0
2024-06-28,pepe,1.25315516267239e-05,595627853.2,23,0
2024-06-28,bonk,2.45709980538596e-05,374316063.1,1,0
2024-06-28,floki,0.000173341493450773,220414784.9,1,0
2024-06-28,mog-coin,1.78156859507249e-06,72835873.26,6,0
2024-06-29,shiba-inu,1.6952077036943e-05,274029153.0,1,2
2024-06-29,pepe,1.15352549783989e-05,557787984.9,25,2
2024-06-29,bonk,2.2573220296351e-05,242740582.3,1,2
2024-06-29,floki,0.00016350426420945,188593091.8,1,2
2024-06-29,mog-coin,1.7375676870158e-06,51335621.4,4,2
2024-06-30,shiba-inu,1.68699478570569e-05,109159051.8,1,0
2024-06-30,pepe,1.12916669930878e-05,302086645.7,25,0
2024-06-30,bonk,2.23026326904056e-05,149164909.1,1,0
2024-06-30,floki,0.000163732059306347,142867250.9,1,0
2024-06-30,mog-coin,1.84669052094961e-06,61930748.82,4,0
2024-07-01,shiba-inu,1.7228656833518e-05,162931884.5,1,5
2024-07-01,pepe,1.18345661104018e-05,502740775.0,60,5
2024-07-01,bonk,2.25527976483505e-05,151032179.2,1,5
2024-07-01,floki,0.000171259582911123,193457397.5,1,5
2024-07-01,mog-coin,1.86552584014991e-06,43936375.17,4,5
2024-07-02,shiba-inu,1.70745624744584e-05,195288430.8,1,0
2024-07-02,pepe,1.14129172387215e-05,507953898.1,21,0
2024-07-02,bonk,2.55272767697475e-05,369724282.6,1,0
2024-07-02,floki,0.00017026946959602,243452835.0,1,0
2024-07-02,mog-coin,1.75108041186969e-06,42815319.28,4,0
2024-07-03,shiba-inu,1.72295606027762e-05,157879825.6,1,0
2024-07-03,pepe,1.12863413653683e-05,497497424.0,18,0
2024-07-03,bonk,2.53777067836108e-05,458476229.3,1,0
2024-07-03,floki,0.000182404055704809,370680463.2,1,0
2024-07-03,mog-coin,1.61193969957322e-06,33803943.61,3,0
2024-07-04,shiba-inu,1.63878447203955e-05,239549362.4,1,0
2024-07-04,pepe,1.02375845272457e-05,727183244.7,17,0
2024-07-04,bonk,2.2450247592989e-05,319385515.6,1,0
2024-07-04,floki,0.000162643485475348,338109420.9,1,0
2024-07-04,mog-coin,1.39496010165661e-06,41253165.77,3,0
2024-07-05,shiba-inu,1.46383478005706e-05,345290315.0,1,4
2024-07-05,pepe,8.92778592856391e-06,1013080292.0,100,4
2024-07-05,bonk,2.07000942780934e-05,324814160.9,1,4
2024-07-05,floki,0.00014197454444843,322773387.0,1,4
2024-07-05,mog-coin,1.39040538351006e-06,41798310.06,3,4
2024-07-06,shiba-inu,1.49603931061191e-05,538979808.4,0,1
2024-07-06,pepe,8.88912213557634e-06,1529109000.0,44,1
2024-07-06,bonk,2.18180605767475e-05,526022464.9,1,1
2024-07-06,floki,0.000138677749847875,452264400.2,1,1
2024-07-06,mog-coin,1.4666920181602e-06,53303675.15,3,1
2024-07-07,shiba-inu,1.73703237997056e-05,420943719.9,1,0
2024-07-07,pepe,9.74089886532744e-06,686661854.0,28,0
2024-07-07,bonk,2.32293673125754e-05,297402183.8,1,0
2024-07-07,floki,0.000152070132730937,222695436.7,1,0
2024-07-07,mog-coin,1.5679444501671e-06,26634078.79,3,0
2024-07-08,shiba-inu,1.54681749351106e-05,379933592.6,1,0
2024-07-08,pepe,8.38634378394977e-06,625608950.5,19,0
2024-07-08,bonk,2.1102672184182e-05,245637184.8,1,0
2024-07-08,floki,0.000135783501170596,240470275.3,1,0
2024-07-08,mog-coin,1.25155255043722e-06,24788679.42,2,0
2024-07-09,shiba-inu,1.61779820448805e-05,546590461.0,0,0
2024-07-09,pepe,9.16478271621903e-06,1604975533.0,20,0
2024-07-09,bonk,2.39857408415942e-05,707395258.6,1,0
2024-07-09,floki,0.000141937161933724,360610974.7,1,0
2024-07-09,mog-coin,1.34158062417522e-06,38923748.55,2,0
2024-07-10,shiba-inu,1.63583755332442e-05,300415573.6,0,0
2024-07-10,pepe,9.0770134898232e-06,998456342.0,17,0
2024-07-10,bonk,2.58151404855842e-05,568735606.6,1,0
2024-07-10,floki,0.00014407401238755,237746948.9,1,0
2024-07-10,mog-coin,1.51237890712688e-06,30422145.3,2,0
2024-07-11,shiba-inu,1.6395331236409e-05,234801784.9,0,0
2024-07-11,pepe,9.20200963406213e-06,884286216.4,17,0
2024-07-11,bonk,2.63967047886071e-05,282884173.0,1,0
2024-07-11,floki,0.000149316140559815,235073860.6,1,0
2024-07-11,mog-coin,1.61346865740494e-06,40717837.11,2,0
2024-07-12,shiba-inu,1.62277254874752e-05,215435762.1,0,2
2024-07-12,pepe,8.892443984423e-06,947880637.5,18,2
2024-07-12,bonk,2.35293064034081e-05,438231640.5,1,2
2024-07-12,floki,0.00014332176731686,221631697.1,1,2
2024-07-12,mog-coin,1.61506442663613e-06,39570796.92,2,2
2024-07-13,shiba-inu,1.64721686517563e-05,204085627.8,0,1
2024-07-13,pepe,8.67250480148839e-06,781252380.1,21,1
2024-07-13,bonk,2.25167518846507e-05,297524000.2,1,1
2024-07-13,floki,0.000140469321502652,185484570.8,1,1
2024-07-13,mog-coin,1.59051910736255e-06,34236678.21,2,1
2024-07-14,shiba-inu,1.70891942790035e-05,237480415.7,0,0
2024-07-14,pepe,8.70602201812923e-06,526328903.8,19,0
2024-07-14,bonk,2.27406264073883e-05,180767516.8,1,0
2024-07-14,floki,0.000142236535506486,149713714.6,1,0
2024-07-14,mog-coin,1.62852408669082e-06,27199381.47,2,0
2024-07-15,shiba-inu,1.76549465173699e-05,224490284.0,0,0
2024-07-15,pepe,9.23439946552603e-06,899814445.6,17,0
2024-07-15,bonk,2.40632691923302e-05,289315273.7,1,0
2024-07-15,floki,0.000151996202931962,194468999.0,1,0
2024-07-15,mog-coin,1.94243542013206e-06,41415477.07,2,0
2024-07-16,shiba-inu,1.93282788348275e-05,415172343.9,1,0
2024-07-16,pepe,1.13867553468376e-05,1944790579.0,18,0
2024-07-16,bonk,2.68042557232975e-05,424518180.7,1,0
2024-07-16,floki,0.000183668877778589,501049344.1,1,0
2024-07-16,mog-coin,2.23972975588217e-06,69538528.24,2,0
2024-07-17,shiba-inu,1.93190227993025e-05,702717981.3,0,4
2024-07-17,pepe,1.23691764437264e-05,2823108120.0,18,4
2024-07-17,bonk,2.85542526068786e-05,712375873.1,1,4
2024-07-17,floki,0.000189496368450736,588259890.1,1,4
2024-07-17,mog-coin,2.11952391933979e-06,62532951.14,2,4
2024-07-18,shiba-inu,1.8614148249487e-05,384246294.0,1,0
2024-07-18,pepe,1.16847092198421e-05,1487600238.0,17,0
2024-07-18,bonk,2.67012573966328e-05,387949511.5,1,0
2024-07-18,floki,0.000179816206694375,309465391.6,1,0
2024-07-18,mog-coin,1.99241640896252e-06,42051300.13,2,0
2024-07-19,shiba-inu,1.73925269444524e-05,1191337644.0,1,0
2024-07-19,pepe,1.16591413910347e-05,1449509735.0,19,0
2024-07-19,bonk,2.68494383198686e-05,403616915.6,1,0
2024-07-19,floki,0.000173950148549467,294861041.9,1,0
2024-07-19,mog-coin,1.9458454130145e-06,38189374.39,2,0
2024-07-20,shiba-inu,1.78302731142442e-05,709503763.8,0,0
2024-07-20,pepe,1.26869979596403e-05,1504073420.0,20,0
2024-07-20,bonk,3.14912678206978e-05,780740691.3,1,0
2024-07-20,floki,0.000190314879691565,355814253.4,1,0
2024-07-20,mog-coin,2.24947834122306e-06,44899464.06,2,0
2024-07-21,shiba-inu,1.81331771201486e-05,427196942.2,1,0
2024-07-21,pepe,1.22435373815908e-05,1042571859.0,19,0
2024-07-21,bonk,3.09782244447417e-05,501804297.5,1,0
2024-07-21,floki,0.000200489967132208,453915214.6,1,0
2024-07-21,mog-coin,2.20063256061916e-06,44599558.34,2,0
2024-07-22,shiba-inu,1.82256933088952e-05,493793624.1,0,1
2024-07-22,pepe,1.24919015073786e-05,1195220647.0,16,1
2024-07-22,bonk,3.25406646264051e-05,457455965.2,1,1
2024-07-22,floki,0.000205680362543006,394404674.4,1,1
2024-07-22,mog-coin,2.35716682278532e-06,57623893.02,2,1
2024-07-23,shiba-inu,1.75845440348191e-05,383062527.2,1,2
2024-07-23,pepe,1.18959403875741e-05,888571584.7,15,2
2024-07-23,bonk,3.00645888206576e-05,362396625.1,1,2
2024-07-23,floki,0.000193598622065052,549111982.4,1,2
2024-07-23,mog-coin,2.0599165748903e-06,34812087.75,2,2
2024-07-24,shiba-inu,1.70710885780673e-05,306297527.9,0,0
2024-07-24,pepe,1.26270750603106e-05,1617201807.0,16,0
2024-07-24,bonk,2.8310152491378e-05,431151836.3,1,0
2024-07-24,floki,0.000185790443183334,302494674.5,1,0
2024-07-24,mog-coin,2.0310737373869e-06,37428213.85,2,0
2024-07-25,shiba-inu,1.67977174936222e-05,281886292.6,0,0
2024-07-25,pepe,1.22187609735018e-05,1551365756.0,18,0
2024-07-25,bonk,2.74110469901164e-05,383197830.6,1,0
2024-07-25,floki,0.000179320032402868,272456338.3,1,0
2024-07-25,mog-coin,1.75406911341718e-06,33373286.15,2,0
2024-07-26,shiba-inu,1.64042684571226e-05,369569098.6,0,0
2024-07-26,pepe,1.14727698551632e-05,1522734472.0,20,0
2024-07-26,bonk,2.70554710176808e-05,389525411.9,1,0
2024-07-26,floki,0.000174855610824156,298816762.6,1,0
2024-07-26,mog-coin,1.69941889174825e-06,52432764.64,2,0
2024-07-27,shiba-inu,1.69770737818072e-05,227386343.4,1,0
2024-07-27,pepe,1.20440159097814e-05,859040617.5,21,0
2024-07-27,bonk,2.85677514608117e-05,280000968.3,1,0
2024-07-27,floki,0.000180911619324281,220757535.3,1,0
2024-07-27,mog-coin,1.7135420812605e-06,34836795.91,2,0
2024-07-28,shiba-inu,1.70755360779307e-05,339029720.6,0,0
2024-07-28,pepe,1.19532170005096e-05,934585797.2,20,0
2024-07-28,bonk,2.83894897836909e-05,348890740.9,1,0
2024-07-28,floki,0.000178285189039503,244560341.4,1,0
2024-07-28,mog-coin,1.79788089981074e-06,59994638.07,2,0
2024-07-29,shiba-inu,1.67967542816129e-05,134841168.4,1,0
2024-07-29,pepe,1.1740893622905e-05,548997723.5,18,0
2024-07-29,bonk,2.80537078388327e-05,173234470.2,1,0
2024-07-29,floki,0.000172907768814653,150396779.6,1,0
2024-07-29,mog-coin,1.67994724205893e-06,23922815.2,2,0
2024-07-30,shiba-inu,1.66523278365363e-05,240548415.3,0,0
2024-07-30,pepe,1.18181164333838e-05,999330560.3,17,0
2024-07-30,bonk,2.69458415629153e-05,288666684.6,1,0
2024-07-30,floki,0.000171918266215083,208693201.8,1,0
2024-07-30,mog-coin,1.90047593911178e-06,45489674.14,2,0
2024-07-31,shiba-inu,1.64093829088209e-05,162185181.8,1,0
2024-07-31,pepe,1.12889499748175e-05,717083704.9,16,0
2024-07-31,bonk,2.59555666423946e-05,281928990.8,1,0
2024-07-31,floki,0.00016717802934392,177614539.2,1,0
2024-07-31,mog-coin,1.93761874490613e-06,43029557.75,2,0
2024-08-01,shiba-inu,1.59307229018144e-05,229017324.0,1,0
2024-08-01,pepe,1.10559865201167e-05,620778247.1,45,0
2024-08-01,bonk,2.45755642482869e-05,221206931.3,3,0
2024-08-01,floki,0.000161514765226732,203807800.4,2,0
2024-08-01,mog-coin,1.94559797108445e-06,49659415.72,5,0
2024-08-02,shiba-inu,1.580273725978e-05,239073966.8,1,1
2024-08-02,pepe,1.05875908142856e-05,1051894271.0,46,1
2024-08-02,bonk,2.49332899275409e-05,295454794.5,3,1
2024-08-02,floki,0.000157964167816036,258414144.9,2,1
2024-08-02,mog-coin,1.68951142516481e-06,56533180.14,5,1
2024-08-03,shiba-inu,1.46485392267989e-05,264572478.4,1,0
2024-08-03,pepe,9.30284383013879e-06,1079652155.0,56,0
2024-08-03,bonk,2.2368981989209e-05,355702295.7,3,0
2024-08-03,floki,0.000141309887346959,256816766.2,3,0
2024-08-03,mog-coin,1.3888901481563e-06,55588278.7,6,0
2024-08-04,shiba-inu,1.42599658015622e-05,251126453.3,1,0
2024-08-04,pepe,8.65059840907281e-06,1173715646.0,53,0
2024-08-04,bonk,2.10392002701201e-05,238650739.8,3,0
2024-08-04,floki,0.000130924640087129,225826992.9,3,0
2024-08-04,mog-coin,1.28899930945475e-06,36229793.01,5,0
2024-08-05,shiba-inu,1.3304286890977e-05,260112295.6,2,2
2024-08-05,pepe,8.05531695743767e-06,1275345924.0,48,2
2024-08-05,bonk,1.97735808105491e-05,296562241.0,3,2
2024-08-05,floki,0.000121607263760653,246326827.6,3,2
2024-08-05,mog-coin,1.30325975301286e-06,41175872.32,5,2
2024-08-06,shiba-inu,1.3289185774046e-05,1103663026.0,1,1
2024-08-06,pepe,7.07456236544962e-06,3506366484.0,46,1
2024-08-06,bonk,1.79361959245926e-05,732218644.8,3,1
2024-08-06,floki,0.00011013664897214,636590624.9,2,1
2024-08-06,mog-coin,1.1285708729366e-06,119048232.3,5,1
2024-08-07,shiba-inu,1.34427800302532e-05,449376442.5,1,0
2024-08-07,pepe,7.7261145722251e-06,1598193681.0,48,0
2024-08-07,bonk,1.98098165124992e-05,372470462.2,3,0
2024-08-07,floki,0.000120886289491328,301426225.4,3,0
2024-08-07,mog-coin,1.18934865042258e-06,46963528.95,5,0
2024-08-08,shiba-inu,1.28618151773942e-05,302070108.0,1,0
2024-08-08,pepe,7.37815184268022e-06,1421789807.0,90,0
2024-08-08,bonk,1.91119079771768e-05,426664173.8,3,0
2024-08-08,floki,0.000117974680190153,435057631.3,3,0
2024-08-08,mog-coin,1.17293925538074e-06,42441192.95,6,0
2024-08-09,shiba-inu,1.43102738132321e-05,341752969.2,1,0
2024-08-09,pepe,8.76468048919908e-06,1445019800.0,100,0
2024-08-09,bonk,2.17721849457718e-05,321328671.8,3,0
2024-08-09,floki,0.000132670100719668,347902866.4,2,0
2024-08-09,mog-coin,1.60030429849054e-06,56853882.1,5,0
2024-08-10,shiba-inu,1.40171098187126e-05,229978592.5,1,0
2024-08-10,pepe,8.50749654156889e-06,1325641628.0,67,0
2024-08-10,bonk,2.08121822358282e-05,221284982.7,2,0
2024-08-10,floki,0.000128914953301691,230498302.9,2,0
2024-08-10,mog-coin,1.48942214546054e-06,34409253.07,6,0
2024-08-11,shiba-inu,1.4095215387247e-05,139073282.1,2,0
2024-08-11,pepe,8.43051336952032e-06,569181403.6,64,0
2024-08-11,bonk,2.04470496041535e-05,113961172.7,2,0
2024-08-11,floki,0.000126464817684496,155160426.4,3,0
2024-08-11,mog-coin,1.42468371856073e-06,21561232.91,6,0
2024-08-12,shiba-inu,1.34032265529883e-05,227151974.6,2,0
2024-08-12,pepe,7.74562059371581e-06,886132163.9,51,0
2024-08-12,bonk,1.88443711355813e-05,172617229.7,2,0
2024-08-12,floki,0.000117602550474502,189049294.6,2,0
2024-08-12,mog-coin,1.30169385206409e-06,36052010.75,5,0
2024-08-13,shiba-inu,1.39243176365235e-05,264778487.0,1,1
2024-08-13,pepe,8.24153702221401e-06,1169278904.0,47,1
2024-08-13,bonk,2.00060436805011e-05,219188033.2,2,1
2024-08-13,floki,0.000124396960601152,244944857.9,2,1
2024-08-13,mog-coin,1.40953951653127e-06,37803305.81,5,1
2024-08-14,shiba-inu,1.38887757340787e-05,181180009.6,1,0
2024-08-14,pepe,8.18772846480934e-06,695589631.4,45,0
2024-08-14,bonk,1.98252656399985e-05,141186699.8,2,0
2024-08-14,floki,0.000122881913860389,160671559.6,2,0
2024-08-14,mog-coin,1.38276915015184e-06,20480070.56,5,0
2024-08-15,shiba-inu,1.36205287109869e-05,177071265.4,1,0
2024-08-15,pepe,8.01972101843136e-06,734079416.1,49,0
2024-08-15,bonk,1.92473605013568e-05,161957157.8,3,0
2024-08-15,floki,0.000119057035030503,168628816.1,2,0
2024-08-15,mog-coin,1.27934969383637e-06,29570479.47,5,0
2024-08-16,shiba-inu,1.32757908420039e-05,200447576.9,1,0
2024-08-16,pepe,7.45704203247084e-06,860915535.1,48,0
2024-08-16,bonk,1.8603937760423e-05,200960047.1,3,0
2024-08-16,floki,0.000116083124488026,169932161.3,2,0
2024-08-16,mog-coin,1.11971395426004e-06,45019807.44,5,0
2024-08-17,shiba-inu,1.32069643360466e-05,171547306.9,1,1
2024-08-17,pepe,7.16795676928073e-06,905831506.9,50,1
2024-08-17,bonk,1.75582623769991e-05,150262942.1,2,1
2024-08-17,floki,0.000112953038645245,164868336.1,2,1
2024-08-17,mog-coin,9.98355545155624e-07,28356461.69,6,1
2024-08-18,shiba-inu,1.33683579184465e-05,96879203.41,1,0
2024-08-18,pepe,7.47493019248238e-06,642176149.5,52,0
2024-08-18,bonk,1.79454030498978e-05,106482188.6,2,0
2024-08-18,floki,0.000114850225048294,114911648.3,2,0
2024-08-18,mog-coin,9.98041560523247e-07,18634428.3,6,0
2024-08-19,shiba-inu,1.32548747977505e-05,112192363.7,1,1
2024-08-19,pepe,7.29736852294468e-06,524695308.4,51,1
2024-08-19,bonk,1.76790776285743e-05,101328052.5,2,1
2024-08-19,floki,0.00011428969198108,129957655.1,2,1
2024-08-19,mog-coin,1.01453243588239e-06,23846637.99,5,1
2024-08-20,shiba-inu,1.3360724731209e-05,196543820.2,1,2
2024-08-20,pepe,7.69575699541184e-06,616392191.4,47,2
2024-08-20,bonk,1.78789203141989e-05,148847327.5,3,2
2024-08-20,floki,0.000116630142093121,156556512.6,2,2
2024-08-20,mog-coin,1.08479461660094e-06,33725249.6,5,2
2024-08-21,shiba-inu,1.3654747121327e-05,227898924.0,1,0
2024-08-21,pepe,7.77609068032925e-06,1050379722.0,47,0
2024-08-21,bonk,1.81659638407053e-05,178460148.1,3,0
2024-08-21,floki,0.000125090284425776,362487055.5,2,0
2024-08-21,mog-coin,1.04870861311667e-06,30769551.53,5,0
2024-08-22,shiba-inu,1.40906367364387e-05,201477639.3,1,1
2024-08-22,pepe,7.91493957320218e-06,722702423.3,45,1
2024-08-22,bonk,1.85373493949446e-05,136059251.3,3,1
2024-08-22,floki,0.000127450310147728,251133024.2,3,1
2024-08-22,mog-coin,1.09603588011667e-06,20117219.4,5,1
2024-08-23,shiba-inu,1.40457915927403e-05,192694384.1,1,1
2024-08-23,pepe,7.99205025462433e-06,601494595.4,50,1
2024-08-23,bonk,1.89442585660885e-05,127131555.7,3,1
2024-08-23,floki,0.000139080690016486,373981049.3,3,1
2024-08-23,mog-coin,1.17660227582498e-06,21207015.94,5,1
2024-08-24,shiba-inu,1.52900770469678e-05,342216421.2,1,2
2024-08-24,pepe,9.05927454890612e-06,1305709000.0,61,2
2024-08-24,bonk,2.07142568427459e-05,273614063.4,3,2
2024-08-24,floki,0.000147995063610992,324378312.3,3,2
2024-08-24,mog-coin,1.34398526655972e-06,33816926.29,5,2
2024-08-25,shiba-inu,1.56238820392002e-05,351370945.2,1,1
2024-08-25,pepe,9.46232162180227e-06,1184047980.0,58,1
2024-08-25,bonk,2.20069199157689e-05,272648465.7,3,1
2024-08-25,floki,0.000153692474599476,322896765.9,3,1
2024-08-25,mog-coin,1.33278093483633e-06,28151985.04,6,1
2024-08-26,shiba-inu,1.51364993988481e-05,329168826.1,1,0
2024-08-26,pepe,9.11982482054012e-06,989294858.5,46,0
2024-08-26,bonk,2.10381116704275e-05,169557575.6,3,0
2024-08-26,floki,0.000150018508814555,269095086.6,2,0
2024-08-26,mog-coin,1.22173890564196e-06,24826072.8,5,0
2024-08-27,shiba-inu,1.4642501927589e-05,285171686.9,1,2
2024-08-27,pepe,8.5309108916401e-06,853114857.4,45,2
2024-08-27,bonk,1.97285706254799e-05,169629820.3,3,2
2024-08-27,floki,0.000147947795893658,419165040.4,3,2
2024-08-27,mog-coin,1.08548295809645e-06,21956869.83,5,2
2024-08-28,shiba-inu,1.37667463205433e-05,421412188.0,1,0
2024-08-28,pepe,7.64611882716421e-06,1521562914.0,50,0
2024-08-28,bonk,1.82673305866066e-05,183631443.4,3,0
2024-08-28,floki,0.000146877906532024,784106907.8,3,0
2024-08-28,mog-coin,1.01014019201149e-06,18036154.81,5,0
2024-08-29,shiba-inu,1.38631870174873e-05,373083334.0,1,1
2024-08-29,pepe,7.69922683779351e-06,1609367994.0,46,1
2024-08-29,bonk,1.81011558310936e-05,173849871.4,3,1
2024-08-29,floki,0.000154564939850335,860713888.1,3,1
2024-08-29,mog-coin,1.00639361648926e-06,21026111.9,5,1
2024-08-30,shiba-inu,1.40762134508184e-05,311791699.9,1,1
2024-08-30,pepe,7.66139763022359e-06,1115040778.0,47,1
2024-08-30,bonk,1.80612880007994e-05,126992271.3,2,1
2024-08-30,floki,0.000138708964765467,657560149.2,4,1
2024-08-30,mog-coin,9.62761284236542e-07,22704238.02,5,1
2024-08-31,shiba-inu,1.40197173815254e-05,339504377.6,1,4
2024-08-31,pepe,7.78323169065053e-06,1039300478.0,51,4
2024-08-31,bonk,1.77590816938306e-05,122601490.6,2,4
2024-08-31,floki,0.000127648867731809,785197322.2,3,4
2024-08-31,mog-coin,9.15865935109387e-07,23615727.21,5,4
2024-09-01,shiba-inu,1.38286847740553e-05,148282904.0,1,0
2024-09-01,pepe,7.61435045124017e-06,571790834.9,66,0
2024-09-01,bonk,1.73391836674431e-05,59247131.11,3,0
2024-09-01,floki,0.0001250658082393,214633298.9,3,0
2024-09-01,mog-coin,9.30535861329668e-07,15515479.37,7,0
2024-09-02,shiba-inu,1.31606458358952e-05,231882587.8,1,0
2024-09-02,pepe,7.16501010477353e-06,708348711.4,59,0
2024-09-02,bonk,1.64901129063668e-05,94113702.04,3,0
2024-09-02,floki,0.00011682617748436,207452151.2,4,0
2024-09-02,mog-coin,8.85048956275647e-07,14108553.71,7,0
2024-09-03,shiba-inu,1.36530941111616e-05,234352776.8,1,0
2024-09-03,pepe,7.60189507615105e-06,926625447.1,55,0
2024-09-03,bonk,1.74991068755667e-05,121462303.2,3,0
2024-09-03,floki,0.000121722525480877,223087804.4,3,0
2024-09-03,mog-coin,9.56977916129841e-07,16086292.71,7,0
2024-09-04,shiba-inu,1.31013301478117e-05,217664860.2,1,0
2024-09-04,pepe,7.27146147412599e-06,672629939.4,58,0
2024-09-04,bonk,1.66569776726649e-05,108409630.4,3,0
2024-09-04,floki,0.000118615173853798,244074851.7,3,0
2024-09-04,mog-coin,8.72148432701881e-07,11169562.57,6,0
2024-09-05,shiba-inu,1.35649064725869e-05,341373723.2,1,1
2024-09-05,pepe,7.34991984903933e-06,1008717722.0,61,1
2024-09-05,bonk,1.6849672561455e-05,135173851.4,3,1
2024-09-05,floki,0.000122145369493306,270597706.3,3,1
2024-09-05,mog-coin,8.67005067490268e-07,13675108.02,7,1
2024-09-06,shiba-inu,1.31858079517817e-05,214220282.7,1,2
2024-09-06,pepe,7.09758639543179e-06,627506708.2,65,2
2024-09-06,bonk,1.59145244228274e-05,115356281.4,4,2
2024-09-06,floki,0.00011908491897591,222292167.8,3,2
2024-09-06,mog-coin,7.74603171627042e-07,17746204.34,7,2
2024-09-07,shiba-inu,1.28026767920591e-05,328473412.3,1,3
2024-09-07,pepe,6.64239065758422e-06,1126261788.0,68,3
2024-09-07,bonk,1.58389578605438e-05,201121026.6,3,3
2024-09-07,floki,0.000115398101021995,254780557.0,3,3
2024-09-07,mog-coin,7.55012972302176e-07,22541134.69,7,3
2024-09-08,shiba-inu,1.28520821672633e-05,157941054.4,1,0
2024-09-08,pepe,6.75086605762769e-06,729007104.7,71,0
2024-09-08,bonk,1.58821128996343e-05,94629989.09,3,0
2024-09-08,floki,0.000118451395153398,169653163.3,3,0
2024-09-08,mog-coin,7.71610230167609e-07,8463915.506,7,0
2024-09-09,shiba-inu,1.305923791079e-05,173920029.4,1,1
2024-09-09,pepe,7.06536747115696e-06,831328542.2,59,1
2024-09-09,bonk,1.64088757416448e-05,102948840.2,3,1
2024-09-09,floki,0.000123207733455696,222653759.1,3,1
2024-09-09,mog-coin,8.35611457287275e-07,7940142.947,6,1
2024-09-10,shiba-inu,1.35355282337685e-05,277632220.4,1,0
2024-09-10,pepe,7.398965455881e-06,1040079288.0,53,0
2024-09-10,bonk,1.72264834061429e-05,157978285.5,3,0
2024-09-10,floki,0.000128648130296834,249931918.5,3,0
2024-09-10,mog-coin,9.02146335646797e-07,21529315.53,6,0
2024-09-11,shiba-inu,1.35500153260359e-05,208166610.9,1,2
2024-09-11,pepe,7.47356511743038e-06,1008009535.0,51,2
2024-09-11,bonk,1.72344677486133e-05,122284381.5,3,2
2024-09-11,floki,0.000127486034196541,186956643.9,3,2
2024-09-11,mog-coin,1.01510694134012e-06,23986974.16,6,2
2024-09-12,shiba-inu,1.32738810988701e-05,246346727.2,1,0
2024-09-12,pepe,7.24124528165314e-06,963732316.5,59,0
2024-09-12,bonk,1.65818553487549e-05,130542686.1,3,0
2024-09-12,floki,0.000122698673204098,211631838.5,3,0
2024-09-12,mog-coin,9.85687154583144e-07,22500839.58,6,0
2024-09-13,shiba-inu,1.35249297158887e-05,198182069.7,1,2
2024-09-13,pepe,7.4123963217231e-06,782410198.8,59,2
2024-09-13,bonk,1.7078905308561e-05,107387669.8,4,2
2024-09-13,floki,0.000124491855654731,182186201.5,3,2
2024-09-13,mog-coin,1.02655311305538e-06,18296119.43,7,2
2024-09-14,shiba-inu,1.39894335032672e-05,243165434.1,1,0
2024-09-14,pepe,7.926719981372e-06,1007074290.0,71,0
2024-09-14,bonk,1.76927689344299e-05,98726743.11,3,0
2024-09-14,floki,0.00013051956651524,210097267.0,3,0
2024-09-14,mog-coin,1.08661328062538e-06,24247939.85,7,0
2024-09-15,shiba-inu,1.37373511803237e-05,172140049.8,1,1
2024-09-15,pepe,7.74623594230644e-06,625616994.5,64,1
2024-09-15,bonk,1.71665073250109e-05,66709402.04,3,1
2024-09-15,floki,0.000125396717638331,151505799.6,3,1
2024-09-15,mog-coin,1.02483404084617e-06,10736053.88,7,1
2024-09-16,shiba-inu,1.33975278363874e-05,161861645.5,1,0
2024-09-16,pepe,7.38048535142233e-06,590975267.0,59,0
2024-09-16,bonk,1.65201249109075e-05,69545330.78,3,0
2024-09-16,floki,0.000120999698261266,149479473.3,2,0
2024-09-16,mog-coin,9.3285138081922e-07,13680810.73,7,0
2024-09-17,shiba-inu,1.31800839854689e-05,223065034.5,1,0
2024-09-17,pepe,7.20101297689981e-06,841567310.9,56,0
2024-09-17,bonk,1.61748327387627e-05,74036407.32,3,0
2024-09-17,floki,0.000118862757569638,184836757.6,2,0
2024-09-17,mog-coin,9.00479493233891e-07,15070253.23,6,0
2024-09-18,shiba-inu,1.33090074008992e-05,184753496.5,2,1
2024-09-18,pepe,7.31121620106869e-06,976861811.3,52,1
2024-09-18,bonk,1.65346165527176e-05,80751408.37,3,1
2024-09-18,floki,0.000121547773702917,168841481.2,2,1
2024-09-18,mog-coin,9.39135123188424e-07,19023316.47,6,1
2024-09-19,shiba-inu,1.36541613838654e-05,263101024.0,2,0
2024-09-19,pepe,7.51098793781083e-06,1187244753.0,56,0
2024-09-19,bonk,1.68123553895288e-05,102154866.6,4,0
2024-09-19,floki,0.000127811836554949,240947191.1,3,0
2024-09-19,mog-coin,1.00600305367445e-06,16255823.6,6,0
2024-09-20,shiba-inu,1.41275116875344e-05,448018473.4,2,0
2024-09-20,pepe,7.9560464307485e-06,1798393152.0,65,0
2024-09-20,bonk,1.76405541602036e-05,193409736.5,4,0
2024-09-20,floki,0.000131346850232904,361956667.8,3,0
2024-09-20,mog-coin,1.17015130093966e-06,43359309.43,7,0
2024-09-21,shiba-inu,1.43534919543369e-05,315884487.5,2,0
2024-09-21,pepe,8.19449662396501e-06,1468026372.0,100,0
2024-09-21,bonk,1.81989820304218e-05,168976978.5,3,0
2024-09-21,floki,0.000133996317556469,265343594.3,3,0
2024-09-21,mog-coin,1.18947010031166e-06,26725713.34,7,0
2024-09-22,shiba-inu,1.50016163005133e-05,313231343.4,2,0
2024-09-22,pepe,8.4214595604231e-06,801612884.3,83,0
2024-09-22,bonk,1.84060566202106e-05,105832218.5,4,0
2024-09-22,floki,0.000136369856666338,168334565.9,3,0
2024-09-22,mog-coin,1.22154886650754e-06,11442342.09,7,0
2024-09-23,shiba-inu,1.45478323150122e-05,304907726.4,1,0
2024-09-23,pepe,8.01409930556954e-06,885064491.5,59,0
2024-09-23,bonk,1.71209749832611e-05,111050026.9,3,0
2024-09-23,floki,0.000130378987178707,197491768.5,3,0
2024-09-23,mog-coin,1.1222003134806e-06,12375923.14,6,0
2024-09-24,shiba-inu,1.44970922395699e-05,300770922.0,2,1
2024-09-24,pepe,8.11601926561245e-06,1019941249.0,54,1
2024-09-24,bonk,1.76130110727799e-05,125666547.4,4,1
2024-09-24,floki,0.000134005979579102,218930411.4,3,1
2024-09-24,mog-coin,1.1969739778941e-06,23517680.62,6,1
2024-09-25,shiba-inu,1.48444326524035e-05,330273131.8,2,1
2024-09-25,pepe,8.60869550496846e-06,1536102960.0,53,1
2024-09-25,bonk,1.85634296874088e-05,173613143.9,4,1
2024-09-25,floki,0.000141654421713549,348982745.5,3,1
2024-09-25,mog-coin,1.32708223427187e-06,23703635.75,6,1
2024-09-26,shiba-inu,1.52322588666489e-05,598372884.1,4,0
2024-09-26,pepe,8.43213709111615e-06,1411328577.0,60,0
2024-09-26,bonk,1.85526372003848e-05,212189362.6,4,0
2024-09-26,floki,0.000137643270320583,271849519.2,3,0
2024-09-26,mog-coin,1.30675026333857e-06,22629642.8,7,0
2024-09-27,shiba-inu,1.86610583167421e-05,1835183244.0,4,2
2024-09-27,pepe,9.52287909751174e-06,1983602149.0,68,2
2024-09-27,bonk,2.09538556521742e-05,298060899.1,5,2
2024-09-27,floki,0.000150137085621192,461467077.3,4,2
2024-09-27,mog-coin,1.44914995104346e-06,38764614.72,6,2
2024-09-28,shiba-inu,2.03761774425559e-05,2219653927.0,3,1
2024-09-28,pepe,1.06931566780454e-05,2417786124.0,73,1
2024-09-28,bonk,2.31990817203512e-05,490709566.8,4,1
2024-09-28,floki,0.000168417655192526,630421696.4,3,1
2024-09-28,mog-coin,1.56904029121883e-06,30089896.69,7,1
2024-09-29,shiba-inu,1.97085798648443e-05,1282700733.0,2,2
2024-09-29,pepe,1.13124470231851e-05,2336318157.0,67,2
2024-09-29,bonk,2.40629790531061e-05,353413460.0,4,2
2024-09-29,floki,0.000170290137548424,385148254.4,3,2
2024-09-29,mog-coin,1.61246604425438e-06,21927223.65,8,2
2024-09-30,shiba-inu,1.93601598380066e-05,879200945.3,2,1
2024-09-30,pepe,1.13095945454092e-05,2345341027.0,59,1
2024-09-30,bonk,2.2882332500474e-05,384035877.1,5,1
2024-09-30,floki,0.000162326619713257,391009383.3,3,1
2024-09-30,mog-coin,1.64147431034639e-06,16340452.54,6,1
2024-10-01,shiba-inu,1.75636242818176e-05,874969594.9,3,0
2024-10-01,pepe,1.04836637387509e-05,2025974491.0,74,0
2024-10-01,bonk,2.37996340662099e-05,784728363.0,6,0
2024-10-01,floki,0.000153059533646809,389307230.3,3,0
2024-10-01,mog-coin,1.46790363926103e-06,18422063.85,8,0
2024-10-02,shiba-inu,1.64236100198371e-05,1075159147.0,2,0
2024-10-02,pepe,9.69683266309704e-06,3313779488.0,79,0
2024-10-02,bonk,2.37061659997599e-05,933575829.1,6,0
2024-10-02,floki,0.000137038988390673,529997984.2,3,0
2024-10-02,mog-coin,1.45220601310552e-06,33407803.48,8,0
2024-10-03,shiba-inu,1.62523466610355e-05,755701712.0,2,0
2024-10-03,pepe,9.2391419547057e-06,2506484129.0,87,0
2024-10-03,bonk,2.21031227994181e-05,755117120.5,5,0
2024-10-03,floki,0.000133503798181267,380518449.4,3,0
2024-10-03,mog-coin,1.31362764744323e-06,22744900.04,8,0
2024-10-04,shiba-inu,1.60387939282224e-05,553477623.3,2,0
2024-10-04,pepe,8.63260311021177e-06,1888416770.0,89,0
2024-10-04,bonk,1.98179938536859e-05,585320824.9,5,0
2024-10-04,floki,0.00012814259592108,313437635.0,3,0
2024-10-04,mog-coin,1.33761897904503e-06,16514455.5,9,0
2024-10-05,shiba-inu,1.74032305210629e-05,764203739.6,2,0
2024-10-05,pepe,9.37923050848553e-06,1931385648.0,100,0
2024-10-05,bonk,2.15123564515983e-05,518697991.6,5,0
2024-10-05,floki,0.000136396390060412,307839658.1,3,0
2024-10-05,mog-coin,1.5168179438611e-06,22645690.39,9,0
2024-10-06,shiba-inu,1.74467313452527e-05,515506234.6,3,4
2024-10-06,pepe,9.3393998125039e-06,1477018036.0,88,4
2024-10-06,bonk,2.06163725867403e-05,250717379.7,4,4
2024-10-06,floki,0.000132496189787499,181274266.0,3,4
2024-10-06,mog-coin,1.45582397690388e-06,14471595.0,9,4
2024-10-07,shiba-inu,1.81197798012907e-05,642642765.5,3,0
2024-10-07,pepe,1.02268807462015e-05,1724489686.0,71,0
2024-10-07,bonk,2.1931606892441e-05,282706084.8,5,0
2024-10-07,floki,0.000139805831154557,234083816.5,4,0
2024-10-07,mog-coin,1.54569166757205e-06,14110634.72,8,0
2024-10-08,shiba-inu,1.75158461498621e-05,796658272.3,2,0
2024-10-08,pepe,9.867451609514e-06,2658704866.0,71,0
2024-10-08,bonk,2.12289476054232e-05,443646917.7,4,0
2024-10-08,floki,0.000137061676813144,378595906.2,3,0
2024-10-08,mog-coin,1.61991677075189e-06,40069927.4,9,0
2024-10-09,shiba-inu,1.72522255554854e-05,464900720.0,2,8
2024-10-09,pepe,9.51615061889612e-06,1899602175.0,76,8
2024-10-09,bonk,2.09689689982578e-05,275258086.1,5,8
2024-10-09,floki,0.000135005531475903,287317905.2,3,8
2024-10-09,mog-coin,1.62801181624479e-06,22075913.32,9,8
2024-10-10,shiba-inu,1.69272169440282e-05,487512908.9,2,0
2024-10-10,pepe,9.10767161391675e-06,1600588164.0,75,0
2024-10-10,bonk,1.98822904898607e-05,246433305.9,5,0
2024-10-10,floki,0.000129592264890004,249391473.5,3,0
2024-10-10,mog-coin,1.42441802110558e-06,23816860.08,8,0
2024-10-11,shiba-inu,1.67319849000087e-05,404012276.9,2,0
2024-10-11,pepe,9.24192829523855e-06,1392651014.0,81,0
2024-10-11,bonk,2.02147902800683e-05,218838783.2,5,0
2024-10-11,floki,0.000130994062509881,235123212.6,3,0
2024-10-11,mog-coin,1.44265875731743e-06,21686675.41,8,0
2024-10-12,shiba-inu,1.76267956341994e-05,599534034.3,2,1
2024-10-12,pepe,9.72960921199805e-06,1571565908.0,97,1
2024-10-12,bonk,2.14611618557289e-05,224717081.7,4,1
2024-10-12,floki,0.000137134198559771,208680632.3,3,1
2024-10-12,mog-coin,1.66738384681354e-06,26386180.49,10,1
2024-10-13,shiba-inu,1.78499942716592e-05,402805924.3,2,1
2024-10-13,pepe,9.91293982618826e-06,1335335339.0,91,1
2024-10-13,bonk,2.17162976505198e-05,181015784.1,4,1
2024-10-13,floki,0.000139787782429543,180232058.5,3,1
2024-10-13,mog-coin,1.85236182355891e-06,29151845.28,10,1
2024-10-14,shiba-inu,1.75809683896236e-05,366700095.1,3,4
2024-10-14,pepe,9.65225088239335e-06,1141204647.0,78,4
2024-10-14,bonk,2.1029873489336e-05,179891936.9,5,4
2024-10-14,floki,0.000136337237232035,172190378.5,4,4
2024-10-14,mog-coin,1.98592999459912e-06,29443036.44,9,4
2024-10-15,shiba-inu,1.87063335443799e-05,640002579.2,3,1
2024-10-15,pepe,1.09012853318195e-05,2414530715.0,75,1
2024-10-15,bonk,2.31584300653844e-05,369083794.3,5,1
2024-10-15,floki,0.000152921679617842,339713882.0,4,1
2024-10-15,mog-coin,2.09296365813152e-06,40893113.3,9,1
2024-10-16,shiba-inu,1.81777454552385e-05,726370722.8,3,0
2024-10-16,pepe,1.03356807136659e-05,2586142952.0,75,0
2024-10-16,bonk,2.23949682432198e-05,409187656.1,6,0
2024-10-16,floki,0.000147694139340249,369487010.6,4,0
2024-10-16,mog-coin,1.86572607405969e-06,38376643.42,8,0
2024-10-17,shiba-inu,1.85652263411525e-05,834938764.4,2,2
2024-10-17,pepe,1.04467344140544e-05,1768664567.0,70,2
2024-10-17,bonk,2.43804566858584e-05,581385629.4,5,2
2024-10-17,floki,0.00014894636018762,338348205.6,3,2
2024-10-17,mog-coin,2.04277702944601e-06,28791929.24,9,2
2024-10-18,shiba-inu,1.81721448169242e-05,532040998.2,3,6
2024-10-18,pepe,9.84911793354487e-06,1510058596.0,76,6
2024-10-18,bonk,2.23804652583089e-05,340320456.7,5,6
2024-10-18,floki,0.000142134107910396,226100236.9,4,6
2024-10-18,mog-coin,1.95062731584943e-06,30967451.04,10,6
2024-10-19,shiba-inu,1.87976230520596e-05,788543214.0,3,1
2024-10-19,pepe,1.05037671044301e-05,1776312171.0,82,1
2024-10-19,bonk,2.36534014699294e-05,274191575.5,4,1
2024-10-19,floki,0.000152183392778864,363558508.9,5,1
2024-10-19,mog-coin,2.13201863078745e-06,34804076.7,10,1
2024-10-20,shiba-inu,1.9051250670433e-05,684585227.9,2,1
2024-10-20,pepe,1.05053837891099e-05,1161690294.0,97,1
2024-10-20,bonk,2.34946991036164e-05,211169728.7,4,1
2024-10-20,floki,0.000158623193443526,350044213.1,4,1
2024-10-20,mog-coin,2.05004220867669e-06,23970568.06,9,1
2024-10-21,shiba-inu,1.89650080998459e-05,410239718.7,2,6
2024-10-21,pepe,1.06263819054618e-05,1140493652.0,84,6
2024-10-21,bonk,2.4143015134498e-05,192041298.0,4,6
2024-10-21,floki,0.000157217432579703,209850730.4,3,6
2024-10-21,mog-coin,2.2665106170309e-06,37689377.08,9,6
2024-10-22,shiba-inu,1.83656286485173e-05,627429523.5,2,3
2024-10-22,pepe,1.01848116038554e-05,1395627670.0,93,3
2024-10-22,bonk,2.34487490465697e-05,334871678.4,5,3
2024-10-22,floki,0.00015144792478733,277001409.6,3,3
2024-10-22,mog-coin,2.10346438896626e-06,33828609.07,9,3
2024-10-23,shiba-inu,1.81287342204833e-05,398439562.6,2,2
2024-10-23,pepe,1.00552059564455e-05,968743252.8,87,2
2024-10-23,bonk,2.27464996143943e-05,369773617.7,4,2
2024-10-23,floki,0.000148605947064004,208112566.1,3,2
2024-10-23,mog-coin,1.99859476370333e-06,35402613.22,9,2
2024-10-24,shiba-inu,1.76742782322299e-05,412856889.4,2,1
2024-10-24,pepe,9.81403169902358e-06,1113162932.0,73,1
2024-10-24,bonk,2.18869363053664e-05,233693501.8,5,1
2024-10-24,floki,0.000142848965486673,200408580.5,3,1
2024-10-24,mog-coin,1.90972789746551e-06,42275019.94,9,1
2024-10-25,shiba-inu,1.8050032364171e-05,381855806.9,2,0
2024-10-25,pepe,9.98357860262501e-06,1084068446.0,79,0
2024-10-25,bonk,2.29443955215264e-05,218432320.6,5,0
2024-10-25,floki,0.000147126195382121,183319757.8,3,0
2024-10-25,mog-coin,1.93512558740033e-06,33238115.31,9,0
2024-10-26,shiba-inu,1.65091080000597e-05,491625642.0,2,1
2024-10-26,pepe,8.71286463866794e-06,1481484325.0,85,1
2024-10-26,bonk,2.03198749839105e-05,262311691.7,4,1
2024-10-26,floki,0.000130297732134009,226437886.1,3,1
2024-10-26,mog-coin,1.65640871328116e-06,48054290.55,9,1
2024-10-27,shiba-inu,1.70022250321278e-05,357614367.5,2,1
2024-10-27,pepe,9.05617458918224e-06,1084075412.0,90,1
2024-10-27,bonk,2.112183392773e-05,159452726.2,4,1
2024-10-27,floki,0.000133305647690417,188720839.3,3,1
2024-10-27,mog-coin,1.76734978944818e-06,32038154.0,9,1
2024-10-28,shiba-inu,1.72186328703562e-05,257757485.9,2,0
2024-10-28,pepe,9.15490676477135e-06,857000867.5,72,0
2024-10-28,bonk,2.13291042103753e-05,130338390.2,4,0
2024-10-28,floki,0.00013515312362305,136392087.5,3,0
2024-10-28,mog-coin,1.71533105325022e-06,26011810.49,8,0
2024-10-29,shiba-inu,1.82157114029178e-05,681820117.8,4,0
2024-10-29,pepe,9.17111439088554e-06,1353606653.0,72,0
2024-10-29,bonk,2.1257594105877e-05,242888957.2,5,0
2024-10-29,floki,0.000141436194440563,243249881.9,4,0
2024-10-29,mog-coin,1.85304205895212e-06,37762943.88,9,0
2024-10-30,shiba-inu,1.90985660545901e-05,1154121215.0,3,0
2024-10-30,pepe,9.64555299358068e-06,1501485214.0,67,0
2024-10-30,bonk,2.1902767267414e-05,245207569.6,5,0
2024-10-30,floki,0.00014711140476477,309725074.0,4,0
2024-10-30,mog-coin,2.00085861669398e-06,42266836.82,8,0
2024-10-31,shiba-inu,1.84498578644222e-05,663166241.6,3,0
2024-10-31,pepe,9.67523729244159e-06,1572366357.0,70,0
2024-10-31,bonk,2.11492121181591e-05,240420238.2,5,0
2024-10-31,floki,0.000145558342396686,245240307.6,4,0
2024-10-31,mog-coin,2.0218895505668e-06,41374288.78,8,0
2024-11-01,shiba-inu,1.79310576905097e-05,703095557.2,1,0
2024-11-01,pepe,9.114826428046e-06,1094708649.0,52,0
2024-11-01,bonk,2.01900449927992e-05,154750092.2,3,0
2024-11-01,floki,0.000138658908890738,207221569.3,2,0
2024-11-01,mog-coin,1.99720361624071e-06,53353186.06,6,0
2024-11-02,shiba-inu,1.75957818648944e-05,550138165.0,1,2
2024-11-02,pepe,8.8856264952559e-06,1131219574.0,58,2
2024-11-02,bonk,1.92336897071029e-05,167555851.5,3,2
2024-11-02,floki,0.000134856180693603,192977435.7,2,2
2024-11-02,mog-coin,1.88498256657e-06,33758188.78,6,2
2024-11-03,shiba-inu,1.74264786644978e-05,256615251.8,1,0
2024-11-03,pepe,8.69563593658617e-06,709108009.7,54,0
2024-11-03,bonk,1.89503999153185e-05,104010390.6,3,0
2024-11-03,floki,0.000130645042597016,115855574.4,2,0
2024-11-03,mog-coin,1.84894454597295e-06,17256518.82,6,0
2024-11-04,shiba-inu,1.69293233001471e-05,428374366.7,1,1
2024-11-04,pepe,8.1889187040602e-06,1148277261.0,44,1
2024-11-04,bonk,1.80383243468715e-05,175022352.4,2,1
2024-11-04,floki,0.000122260444648757,209551207.5,2,1
2024-11-04,mog-coin,1.73559356151143e-06,33149185.38,5,1
2024-11-05,shiba-inu,1.68149479326038e-05,418463895.9,2,2
2024-11-05,pepe,7.8987886808675e-06,1181506599.0,43,2
2024-11-05,bonk,1.78311038347809e-05,138781129.0,3,2
2024-11-05,floki,0.000117164386797063,175533487.2,2,2
2024-11-05,mog-coin,1.73595545159121e-06,41636356.62,5,2
2024-11-06,shiba-inu,1.78306010502438e-05,772179091.5,3,0
2024-11-06,pepe,8.53689466175936e-06,1430820006.0,48,0
2024-11-06,bonk,1.91786071876209e-05,229536028.6,4,0
2024-11-06,floki,0.000124967496669813,194454289.0,3,0
2024-11-06,mog-coin,1.91723867027123e-06,39833070.83,5,0
2024-11-07,shiba-inu,1.9068693732702e-05,1723708778.0,2,0
2024-11-07,pepe,9.92454912428674e-06,2904295871.0,49,0
2024-11-07,bonk,2.25908756246278e-05,575030794.7,3,0
2024-11-07,floki,0.000142328074795189,412272210.8,2,0
2024-11-07,mog-coin,2.25254531018477e-06,60146278.02,6,0
2024-11-08,shiba-inu,1.91314502529838e-05,912216821.0,2,5
2024-11-08,pepe,1.08873134764482e-05,2930361819.0,54,5
2024-11-08,bonk,2.25781478784822e-05,351707416.6,4,5
2024-11-08,floki,0.000143790237562835,378953130.2,3,5
2024-11-08,mog-coin,2.12261678562215e-06,197165310.4,6,5
2024-11-09,shiba-inu,1.90354527367697e-05,915307393.1,2,1
2024-11-09,pepe,1.08134328398605e-05,2499616892.0,58,1
2024-11-09,bonk,2.19606928232187e-05,304441142.1,3,1
2024-11-09,floki,0.000140463398832901,292879198.7,3,1
2024-11-09,mog-coin,2.01417942108987e-06,52605174.65,6,1
2024-11-10,shiba-inu,2.03417259120257e-05,1111129293.0,7,0
2024-11-10,pepe,1.11784866607549e-05,2600798444.0,64,0
2024-11-10,bonk,2.24043833223897e-05,260636053.6,6,0
2024-11-10,floki,0.000145076356404007,283949036.8,5,0
2024-11-10,mog-coin,2.06018607888889e-06,30474697.5,6,0
2024-11-11,shiba-inu,2.61127629135e-05,8695672266.0,7,1
2024-11-11,pepe,1.22648303216347e-05,6205272171.0,56,1
2024-11-11,bonk,2.53244511961777e-05,1104139620.0,5,1
2024-11-11,floki,0.000179146278260778,1257107836.0,5,1
2024-11-11,mog-coin,2.01673731078434e-06,62161165.89,6,1
2024-11-12,shiba-inu,2.78012412016381e-05,6879853236.0,8,5
2024-11-12,pepe,1.2991931821525e-05,5890877829.0,58,5
2024-11-12,bonk,2.69849718577248e-05,967945641.1,10,5
2024-11-12,floki,0.000183411750155661,927679119.0,5,5
2024-11-12,mog-coin,1.90348104609104e-06,66527899.0,6,5
2024-11-13,shiba-inu,2.68591412582635e-05,7987692357.0,6,3
2024-11-13,pepe,1.43554408802982e-05,7917750203.0,85,3
2024-11-13,bonk,3.84363405722988e-05,2560482927.0,10,3
2024-11-13,floki,0.000214760856854519,1550852765.0,5,3
2024-11-13,mog-coin,1.83280764879557e-06,70677989.27,6,3
2024-11-14,shiba-inu,2.58644078038682e-05,6243392749.0,5,2
2024-11-14,pepe,2.08562818559753e-05,19186885908.0,100,2
2024-11-14,bonk,3.76053515740237e-05,3081317084.0,8,2
2024-11-14,floki,0.000235326177382946,2011276182.0,6,2
2024-11-14,mog-coin,2.39249958066106e-06,121209360.8,7,2
2024-11-15,shiba-inu,2.32502478306392e-05,3472779687.0,4,12
2024-11-15,pepe,2.06295079341914e-05,17947940246.0,77,12
2024-11-15,bonk,3.5553963616522e-05,2238644970.0,8,12
2024-11-15,floki,0.00021659860094802,1467818836.0,6,12
2024-11-15,mog-coin,2.33727130733761e-06,116930379.9,6,12
2024-11-16,shiba-inu,2.54066674061111e-05,2232618408.0,4,2
2024-11-16,pepe,2.34298960985946e-05,11387557136.0,79,2
2024-11-16,bonk,4.56443065986031e-05,1868643710.0,8,2
2024-11-16,floki,0.00025784391110784,1522807711.0,6,2
2024-11-16,mog-coin,2.81838124346426e-06,98797816.81,7,2
2024-11-17,shiba-inu,2.46259238341963e-05,1924772677.0,3,4
2024-11-17,pepe,2.12374633797935e-05,5858746168.0,79,4
2024-11-17,bonk,4.71912386390593e-05,1850485940.0,14,4
2024-11-17,floki,0.000246932066995258,1112171806.0,7,4
2024-11-17,mog-coin,2.6323885829018e-06,68000431.64,6,4
2024-11-18,shiba-inu,2.48065684160661e-05,1895524699.0,4,2
2024-11-18,pepe,2.1197225084555e-05,6324429129.0,70,2
2024-11-18,bonk,5.13698237079159e-05,3124425684.0,9,2
2024-11-18,floki,0.00025711975296467,1330471455.0,6,2
2024-11-18,mog-coin,2.46990292616815e-06,49335371.15,6,2
2024-11-19,shiba-inu,2.48581378918091e-05,2027373722.0,4,3
2024-11-19,pepe,2.03808077661875e-05,5914780010.0,67,3
2024-11-19,bonk,4.82696885445811e-05,1792608224.0,9,3
2024-11-19,floki,0.000249075232364167,887682090.2,4,3
2024-11-19,mog-coin,2.38394420422506e-06,36616189.87,6,3
2024-11-20,shiba-inu,2.48170650539459e-05,2106038698.0,3,2
2024-11-20,pepe,1.96853919046627e-05,4855869061.0,64,2
2024-11-20,bonk,5.22397207254194e-05,2248976242.0,9,2
2024-11-20,floki,0.000247721501766728,646514025.3,6,2
2024-11-20,mog-coin,2.40627898147181e-06,43192112.11,6,2
2024-11-21,shiba-inu,2.39503501485241e-05,1433921051.0,4,10
2024-11-21,pepe,1.88138281369444e-05,4565590437.0,66,10
2024-11-21,bonk,5.02901100317062e-05,3129581650.0,8,10
2024-11-21,floki,0.000268655873739456,1055051981.0,10,10
2024-11-21,mog-coin,2.07703527645309e-06,56141587.53,6,10
2024-11-22,shiba-inu,2.47971819802625e-05,1481199118.0,4,2
2024-11-22,pepe,2.07974922227021e-05,6923556488.0,70,2
2024-11-22,bonk,5.36876091730332e-05,2036158820.0,8,2
2024-11-22,floki,0.00026062017293477,1425969616.0,7,2
2024-11-22,mog-coin,2.57568428521974e-06,128436991.4,7,2
2024-11-23,shiba-inu,2.53907349960886e-05,1950375733.0,5,14
2024-11-23,pepe,2.05369194441936e-05,4602115480.0,75,14
2024-11-23,bonk,4.95054045737529e-05,1146610749.0,7,14
2024-11-23,floki,0.000248780526166602,722521789.3,6,14
2024-11-23,mog-coin,2.61466064741294e-06,110274126.3,6,14
2024-11-24,shiba-inu,2.59292749025839e-05,4181035291.0,4,7
2024-11-24,pepe,2.0466643230696e-05,6155425941.0,77,7
2024-11-24,bonk,4.75846061834554e-05,1442651664.0,6,7
2024-11-24,floki,0.000246814891481516,856195719.6,5,7
2024-11-24,mog-coin,2.66174314729176e-06,61732084.94,6,7
2024-11-25,shiba-inu,2.57295739813223e-05,2728871978.0,3,7
2024-11-25,pepe,2.02193477290989e-05,3759475441.0,69,7
2024-11-25,bonk,4.79341068281519e-05,1248466594.0,6,7
2024-11-25,floki,0.000237791556634343,562246528.8,4,7
2024-11-25,mog-coin,2.61390689546584e-06,50173644.29,6,7
2024-11-26,shiba-inu,2.47766796219641e-05,1652943220.0,3,7
2024-11-26,pepe,1.90242709030106e-05,3924038366.0,66,7
2024-11-26,bonk,4.34479404223595e-05,1218812876.0,5,7
2024-11-26,floki,0.000220971895104979,558474617.8,4,7
2024-11-26,mog-coin,2.47304458526046e-06,50218897.87,6,7
2024-11-27,shiba-inu,2.43416795996301e-05,1004359305.0,3,3
2024-11-27,pepe,1.8210691116914e-05,3541769493.0,67,3
2024-11-27,bonk,4.24703764909347e-05,847966031.4,5,3
2024-11-27,floki,0.00021413804294131,549768578.3,4,3
2024-11-27,mog-coin,2.35429551553263e-06,42788555.79,6,3
2024-11-28,shiba-inu,2.57153131303371e-05,1030772301.0,3,2
2024-11-28,pepe,1.98136958678665e-05,3556225869.0,64,2
2024-11-28,bonk,4.39259661112514e-05,718256526.2,5,2
2024-11-28,floki,0.000226501768358265,448635599.5,3,2
2024-11-28,mog-coin,2.5786087533864e-06,44687431.28,5,2
2024-11-29,shiba-inu,2.55144864573133e-05,1021408717.0,3,2
2024-11-29,pepe,1.98427324815786e-05,2872692494.0,72,2
2024-11-29,bonk,4.29982657599434e-05,510669880.1,5,2
2024-11-29,floki,0.00022199152795984,387278423.8,4,2
2024-11-29,mog-coin,2.45376890758946e-06,30063160.99,6,2
2024-11-30,shiba-inu,2.60702966915653e-05,1159040894.0,4,6
2024-11-30,pepe,2.05137659060528e-05,3920286329.0,77,6
2024-11-30,bonk,4.67026747528055e-05,1012049236.0,5,6
2024-11-30,floki,0.000231043260647591,467688478.0,4,6
2024-11-30,mog-coin,2.52937140072804e-06,35986516.83,6,6
2024-12-01,shiba-inu,2.67745518692676e-05,1645785287.0,9,9
2024-12-01,pepe,2.02712721922825e-05,2892544475.0,78,9
2024-12-01,bonk,4.49951672201384e-05,564149170.3,5,9
2024-12-01,floki,0.000231338368644469,451520735.8,4,9
2024-12-01,mog-coin,2.59509978390369e-06,34407871.55,6,9
2024-12-02,shiba-inu,3.08162389124541e-05,8356213393.0,6,8
2024-12-02,pepe,2.23458191212303e-05,5652198374.0,66,8
2024-12-02,bonk,4.62096269709692e-05,760844632.6,6,8
2024-12-02,floki,0.000237513093199239,834042332.2,4,8
2024-12-02,mog-coin,2.40633443974385e-06,45838321.16,6,8
2024-12-03,shiba-inu,2.97635374184475e-05,4396617604.0,5,10
2024-12-03,pepe,2.04360940843204e-05,5561282752.0,65,10
2024-12-03,bonk,4.28260243917734e-05,829900208.6,5,10
2024-12-03,floki,0.000226758211571108,696742487.5,4,10
2024-12-03,mog-coin,2.23032330770293e-06,57224915.2,7,10
2024-12-04,shiba-inu,2.86898956258858e-05,3336127252.0,5,4
2024-12-04,pepe,2.04179075119693e-05,3899938787.0,65,4
2024-12-04,bonk,4.17848085377911e-05,929911190.3,6,4
2024-12-04,floki,0.000225758021264263,633848150.8,4,4
2024-12-04,mog-coin,2.48530315763221e-06,155470208.1,7,4
2024-12-05,shiba-inu,3.28423205979839e-05,4443196441.0,7,18
2024-12-05,pepe,2.16387837589938e-05,5330563799.0,73,18
2024-12-05,bonk,4.20221725994969e-05,772701741.8,6,18
2024-12-05,floki,0.000233479164762172,644746183.2,5,18
2024-12-05,mog-coin,2.32544343037856e-06,82523191.2,7,18
2024-12-06,shiba-inu,3.06228965362747e-05,5005452378.0,4,6
2024-12-06,pepe,2.13824349160919e-05,5882341388.0,73,6
2024-12-06,bonk,4.284275814348e-05,939560308.1,5,6
2024-12-06,floki,0.000232376082625215,666494821.9,4,6
2024-12-06,mog-coin,2.83380267613459e-06,143054302.9,12,6
2024-12-07,shiba-inu,3.08488355214967e-05,1837398801.0,5,9
2024-12-07,pepe,2.1679161493282e-05,3831732563.0,90,9
2024-12-07,bonk,4.29580055982828e-05,653118739.4,6,9
2024-12-07,floki,0.000236573975621639,477113556.0,6,9
2024-12-07,mog-coin,3.71518816436979e-06,413099814.2,12,9
2024-12-08,shiba-inu,3.20629100093785e-05,2419815881.0,5,12
2024-12-08,pepe,2.51258736662299e-05,7290344649.0,100,12
2024-12-08,bonk,4.68296815369619e-05,907944468.7,6,12
2024-12-08,floki,0.000258114428088267,1225956142.0,5,12
2024-12-08,mog-coin,3.83156883546464e-06,208465871.7,10,12
2024-12-09,shiba-inu,3.22531253424345e-05,2077937741.0,4,6
2024-12-09,pepe,2.64281139734563e-05,7211072170.0,85,6
2024-12-09,bonk,4.59789090884008e-05,746165613.1,5,6
2024-12-09,floki,0.000259828068688653,646531359.2,5,6
2024-12-09,mog-coin,3.82691492831862e-06,86580900.09,8,6
2024-12-10,shiba-inu,2.74089661431689e-05,3341903591.0,4,8
2024-12-10,pepe,2.61389984305114e-05,12898102848.0,89,8
2024-12-10,bonk,3.91697942455002e-05,1267760042.0,4,8
2024-12-10,floki,0.000238244502424479,1962566470.0,5,8
2024-12-10,mog-coin,3.46795418355825e-06,103901480.2,7,8
2024-12-11,shiba-inu,2.71559033348651e-05,3040610165.0,4,15
2024-12-11,pepe,2.3566995297035e-05,10839218278.0,85,15
2024-12-11,bonk,3.58133773469621e-05,888269139.5,5,15
2024-12-11,floki,0.000222106018739639,1153391398.0,5,15
2024-12-11,mog-coin,3.32856649457943e-06,113574600.3,7,15
2024-12-12,shiba-inu,2.87903498594853e-05,2011455101.0,3,7
2024-12-12,pepe,2.51624999952597e-05,6416179534.0,83,7
2024-12-12,bonk,3.92998724976693e-05,601569334.4,5,7
2024-12-12,floki,0.000242340703432335,540860479.7,5,7
2024-12-12,mog-coin,3.31073096464403e-06,63295574.15,7,7
2024-12-13,shiba-inu,2.81316875144489e-05,1527805312.0,3,2
2024-12-13,pepe,2.36658200227681e-05,4312202703.0,80,2
2024-12-13,bonk,3.7929825120273e-05,491605899.7,4,2
2024-12-13,floki,0.000238582584172729,629540849.3,4,2
2024-12-13,mog-coin,3.08968829905631e-06,46550835.68,7,2
2024-12-14,shiba-inu,2.84532171833309e-05,975132370.8,3,5
2024-12-14,pepe,2.47138626173099e-05,3045588845.0,79,5
2024-12-14,bonk,3.86554246513671e-05,424695804.5,4,5
2024-12-14,floki,0.000244615757116472,492453556.7,4,5
2024-12-14,mog-coin,3.09313313877254e-06,35343313.37,7,5
2024-12-15,shiba-inu,2.74525975457761e-05,912153652.3,3,10
2024-12-15,pepe,2.32884299610119e-05,2103347846.0,80,10
2024-12-15,bonk,3.64610441450508e-05,302283324.9,4,10
2024-12-15,floki,0.000247820306741,1071523929.0,5,10
2024-12-15,mog-coin,2.93914715754522e-06,34142510.71,7,10
2024-12-16,shiba-inu,2.79438642228981e-05,656454804.0,3,5
2024-12-16,pepe,2.4214721944458e-05,2091209494.0,70,5
2024-12-16,bonk,3.6802601510954e-05,320301778.2,4,5
2024-12-16,floki,0.000233003940061449,906073244.1,4,5
2024-12-16,mog-coin,3.07023928235682e-06,30778381.7,7,5
2024-12-17,shiba-inu,2.72495494791501e-05,979598294.1,3,8
2024-12-17,pepe,2.35513217215612e-05,3417838810.0,70,8
2024-12-17,bonk,3.69790447254894e-05,514829290.9,5,8
2024-12-17,floki,0.0002278362086981,539914094.3,4,8
2024-12-17,mog-coin,3.00479764341022e-06,37504752.73,7,8
2024-12-18,shiba-inu,2.62839350180741e-05,704096734.7,3,2
2024-12-18,pepe,2.23502194231955e-05,2323021801.0,72,2
2024-12-18,bonk,3.57558535558954e-05,601104918.1,5,2
2024-12-18,floki,0.000219171840620136,400898474.8,3,2
2024-12-18,mog-coin,2.71278043404537e-06,34742243.44,7,2
2024-12-19,shiba-inu,2.40489448450574e-05,1296058977.0,3,5
2024-12-19,pepe,1.9433899313554e-05,3200883402.0,74,5
2024-12-19,bonk,3.11270557000383e-05,640300041.2,5,5
2024-12-19,floki,0.00019010355884241,537546426.1,4,5
2024-12-19,mog-coin,2.5017978378056e-06,45825583.56,7,5
2024-12-20,shiba-inu,2.17052755942168e-05,1622057880.0,3,5
2024-12-20,pepe,1.72066540787291e-05,4679522345.0,67,5
2024-12-20,bonk,2.94924339341482e-05,760948384.1,10,5
2024-12-20,floki,0.000170013739598876,653365878.8,3,5
2024-12-20,mog-coin,2.33995427292909e-06,51436129.47,7,5
2024-12-21,shiba-inu,2.25153978269074e-05,1717475211.0,3,5
2024-12-21,pepe,1.76785903580285e-05,5175001318.0,72,5
2024-12-21,bonk,3.34684113944279e-05,934429070.2,6,5
2024-12-21,floki,0.000177275144916841,681354348.6,4,5
2024-12-21,mog-coin,2.28483573761271e-06,50116056.52,7,5
